"","Well","Sample_name","Species","Ct","Conc","plate","pres","species_idx","st_idx","sp_st_idx"
"1","F11","2019629_10","Cod","43.85659409",0.017735958,"Plate_D",1,1,1,1
"2","F12","2019629_10","Cod","46.21499252",0.003516864,"Plate_D",1,1,1,1
"3","F11","2019629_10","Cod",NA,NA,"Plate_F",0,1,1,1
"4","F12","2019629_10","Cod",NA,NA,"Plate_F",0,1,1,1
"5","F11","2019629_10","Herring",NA,NA,"Plate_D",0,2,1,172
"6","F12","2019629_10","Herring",NA,NA,"Plate_D",0,2,1,172
"7","F11","2019629_10","Herring",NA,NA,"Plate_F",0,2,1,172
"8","F12","2019629_10","Herring",NA,NA,"Plate_F",0,2,1,172
"9","B11","2019629_11","Cod",NA,NA,"Plate_D",0,1,2,2
"10","B12","2019629_11","Cod",NA,NA,"Plate_D",0,1,2,2
"11","F10","2019629_11","Cod",NA,NA,"Plate_E",0,1,2,2
"12","B12","2019629_11","Cod","49.60160828",0.000507072,"Plate_E",1,1,2,2
"13","B11","2019629_11","Herring",NA,NA,"Plate_D",0,2,2,173
"14","B12","2019629_11","Herring","40.6131897",0.260936439,"Plate_D",1,2,2,173
"15","F10","2019629_11","Herring",NA,NA,"Plate_E",0,2,2,173
"16","B12","2019629_11","Herring","40.35699081",1.912313938,"Plate_E",1,2,2,173
"17","E3","2019629_12","Cod",NA,NA,"Plate_E",0,1,3,3
"18","E4","2019629_12","Cod","43.92163467",0.022016667,"Plate_E",1,1,3,3
"19","E5","2019629_12","Cod",NA,NA,"Plate_E",0,1,3,3
"20","E3","2019629_12","Herring",NA,NA,"Plate_E",0,2,3,174
"21","E4","2019629_12","Herring",NA,NA,"Plate_E",0,2,3,174
"22","E5","2019629_12","Herring","40.28800583",2.003075361,"Plate_E",1,2,3,174
"23","C11","2019629_13","Cod",NA,NA,"Plate_E",0,1,4,4
"24","D11","2019629_13","Cod",NA,NA,"Plate_E",0,1,4,4
"25","C12","2019629_13","Cod",NA,NA,"Plate_E",0,1,4,4
"26","C11","2019629_13","Herring","38.52088928",6.56981802,"Plate_E",1,2,4,175
"27","D11","2019629_13","Herring","39.43684387",3.549508095,"Plate_E",1,2,4,175
"28","C12","2019629_13","Herring","38.6665802",5.956941128,"Plate_E",1,2,4,175
"29","A7","2019629_14","Cod",NA,NA,"Plate_E",0,1,5,5
"30","A8","2019629_14","Cod",NA,NA,"Plate_E",0,1,5,5
"31","A9","2019629_14","Cod","43.49503326",0.029224813,"Plate_E",1,1,5,5
"32","A10","2019629_14","Cod",NA,NA,"Plate_E",0,1,5,5
"33","A7","2019629_14","Herring",NA,NA,"Plate_E",0,2,5,176
"34","A8","2019629_14","Herring",NA,NA,"Plate_E",0,2,5,176
"35","A9","2019629_14","Herring",NA,NA,"Plate_E",0,2,5,176
"36","A10","2019629_14","Herring",NA,NA,"Plate_E",0,2,5,176
"37","C11","2019629_15","Cod",NA,NA,"Plate_D",0,1,6,6
"38","C12","2019629_15","Cod",NA,NA,"Plate_D",0,1,6,6
"39","D12","2019629_15","Cod",NA,NA,"Plate_E",0,1,6,6
"40","F12","2019629_15","Cod",NA,NA,"Plate_E",0,1,6,6
"41","C11","2019629_15","Herring",NA,NA,"Plate_D",0,2,6,177
"42","C12","2019629_15","Herring",NA,NA,"Plate_D",0,2,6,177
"43","D12","2019629_15","Herring",NA,NA,"Plate_E",0,2,6,177
"44","F12","2019629_15","Herring","42.94013977",0.336889297,"Plate_E",1,2,6,177
"45","G9","2019629_16","Cod",NA,NA,"Plate_D",0,1,7,7
"46","G10","2019629_16","Cod",NA,NA,"Plate_D",0,1,7,7
"47","C11","2019629_16","Cod",NA,NA,"Plate_F",0,1,7,7
"48","C12","2019629_16","Cod",NA,NA,"Plate_F",0,1,7,7
"49","G9","2019629_16","Herring","39.65792084",0.568062305,"Plate_D",1,2,7,178
"50","G10","2019629_16","Herring","40.47380829",0.292301744,"Plate_D",1,2,7,178
"51","C11","2019629_16","Herring","39.21881485",1.42875874,"Plate_F",1,2,7,178
"52","C12","2019629_16","Herring","39.65681458",1.020923138,"Plate_F",1,2,7,178
"53","F7","2019629_19","Cod",NA,NA,"Plate_E",0,1,8,8
"54","F8","2019629_19","Cod",NA,NA,"Plate_E",0,1,8,8
"55","F9","2019629_19","Cod",NA,NA,"Plate_E",0,1,8,8
"56","F7","2019629_19","Herring",NA,NA,"Plate_E",0,2,8,179
"57","F8","2019629_19","Herring",NA,NA,"Plate_E",0,2,8,179
"58","F9","2019629_19","Herring","42.15032959",0.572859824,"Plate_E",1,2,8,179
"59","C3","2019629_2","Cod",NA,NA,"Plate_E",0,1,9,9
"60","C4","2019629_2","Cod",NA,NA,"Plate_E",0,1,9,9
"61","C5","2019629_2","Cod",NA,NA,"Plate_E",0,1,9,9
"62","C6","2019629_2","Cod",NA,NA,"Plate_E",0,1,9,9
"63","C3","2019629_2","Herring",NA,NA,"Plate_E",0,2,9,180
"64","C4","2019629_2","Herring",NA,NA,"Plate_E",0,2,9,180
"65","C5","2019629_2","Herring",NA,NA,"Plate_E",0,2,9,180
"66","C6","2019629_2","Herring",NA,NA,"Plate_E",0,2,9,180
"67","D7","2019629_20","Cod",NA,NA,"Plate_E",0,1,10,10
"68","D8","2019629_20","Cod","41.90563202",0.083949275,"Plate_E",1,1,10,10
"69","D9","2019629_20","Cod",NA,NA,"Plate_E",0,1,10,10
"70","D7","2019629_20","Herring",NA,NA,"Plate_E",0,2,10,181
"71","D8","2019629_20","Herring",NA,NA,"Plate_E",0,2,10,181
"72","D9","2019629_20","Herring",NA,NA,"Plate_E",0,2,10,181
"73","G3","2019629_21","Cod",NA,NA,"Plate_E",0,1,11,11
"74","G4","2019629_21","Cod",NA,NA,"Plate_E",0,1,11,11
"75","G5","2019629_21","Cod",NA,NA,"Plate_E",0,1,11,11
"76","G6","2019629_21","Cod",NA,NA,"Plate_E",0,1,11,11
"77","G3","2019629_21","Herring",NA,NA,"Plate_E",0,2,11,182
"78","G4","2019629_21","Herring",NA,NA,"Plate_E",0,2,11,182
"79","G5","2019629_21","Herring",NA,NA,"Plate_E",0,2,11,182
"80","G6","2019629_21","Herring",NA,NA,"Plate_E",0,2,11,182
"81","H9","2019629_22","Cod","48.90628052",0.000554971,"Plate_D",1,1,12,12
"82","H10","2019629_22","Cod",NA,NA,"Plate_D",0,1,12,12
"83","E6","2019629_22","Cod","44.28225708",0.017329056,"Plate_E",1,1,12,12
"84","B10","2019629_22","Cod","46.94355774",0.002961103,"Plate_E",1,1,12,12
"85","H9","2019629_22","Herring",NA,NA,"Plate_D",0,2,12,183
"86","H10","2019629_22","Herring",NA,NA,"Plate_D",0,2,12,183
"87","E6","2019629_22","Herring","39.99228668",2.443562746,"Plate_E",1,2,12,183
"88","B10","2019629_22","Herring","45.96703339",0.044043057,"Plate_E",1,2,12,183
"89","B7","2019629_23","Cod","40.29666138",0.244300589,"Plate_E",1,1,13,13
"90","B8","2019629_23","Cod",NA,NA,"Plate_E",0,1,13,13
"91","B9","2019629_23","Cod",NA,NA,"Plate_E",0,1,13,13
"92","B7","2019629_23","Herring",NA,NA,"Plate_E",0,2,13,184
"93","B8","2019629_23","Herring","39.60705566",3.165774822,"Plate_E",1,2,13,184
"94","B9","2019629_23","Herring","39.78777313",2.803658009,"Plate_E",1,2,13,184
"95","E7","2019629_24","Cod",NA,NA,"Plate_E",0,1,14,14
"96","E8","2019629_24","Cod",NA,NA,"Plate_E",0,1,14,14
"97","E9","2019629_24","Cod",NA,NA,"Plate_E",0,1,14,14
"98","E7","2019629_24","Herring",NA,NA,"Plate_E",0,2,14,185
"99","E8","2019629_24","Herring",NA,NA,"Plate_E",0,2,14,185
"100","E9","2019629_24","Herring",NA,NA,"Plate_E",0,2,14,185
"101","B3","2019629_25","Cod",NA,NA,"Plate_E",0,1,15,15
"102","B4","2019629_25","Cod",NA,NA,"Plate_E",0,1,15,15
"103","B5","2019629_25","Cod",NA,NA,"Plate_E",0,1,15,15
"104","B6","2019629_25","Cod",NA,NA,"Plate_E",0,1,15,15
"105","B3","2019629_25","Herring",NA,NA,"Plate_E",0,2,15,186
"106","B4","2019629_25","Herring",NA,NA,"Plate_E",0,2,15,186
"107","B5","2019629_25","Herring",NA,NA,"Plate_E",0,2,15,186
"108","B6","2019629_25","Herring",NA,NA,"Plate_E",0,2,15,186
"109","H3","2019629_26","Cod",NA,NA,"Plate_E",0,1,16,16
"110","H4","2019629_26","Cod",NA,NA,"Plate_E",0,1,16,16
"111","H5","2019629_26","Cod","45.69247055",0.00679476,"Plate_E",1,1,16,16
"112","H6","2019629_26","Cod",NA,NA,"Plate_E",0,1,16,16
"113","H3","2019629_26","Herring",NA,NA,"Plate_E",0,2,16,187
"114","H4","2019629_26","Herring",NA,NA,"Plate_E",0,2,16,187
"115","H5","2019629_26","Herring",NA,NA,"Plate_E",0,2,16,187
"116","H6","2019629_26","Herring",NA,NA,"Plate_E",0,2,16,187
"117","A11","2019629_27","Cod",NA,NA,"Plate_E",0,1,17,17
"118","B11","2019629_27","Cod",NA,NA,"Plate_E",0,1,17,17
"119","A12","2019629_27","Cod","42.37181091",0.061603531,"Plate_E",1,1,17,17
"120","A11","2019629_27","Herring",NA,NA,"Plate_E",0,2,17,188
"121","B11","2019629_27","Herring",NA,NA,"Plate_E",0,2,17,188
"122","A12","2019629_27","Herring",NA,NA,"Plate_E",0,2,17,188
"123","A3","2019629_28","Cod",NA,NA,"Plate_E",0,1,18,18
"124","A4","2019629_28","Cod",NA,NA,"Plate_E",0,1,18,18
"125","A5","2019629_28","Cod",NA,NA,"Plate_E",0,1,18,18
"126","A6","2019629_28","Cod",NA,NA,"Plate_E",0,1,18,18
"127","A3","2019629_28","Herring",NA,NA,"Plate_E",0,2,18,189
"128","A4","2019629_28","Herring",NA,NA,"Plate_E",0,2,18,189
"129","A5","2019629_28","Herring",NA,NA,"Plate_E",0,2,18,189
"130","A6","2019629_28","Herring",NA,NA,"Plate_E",0,2,18,189
"131","F3","2019629_29","Cod",NA,NA,"Plate_E",0,1,19,19
"132","F4","2019629_29","Cod",NA,NA,"Plate_E",0,1,19,19
"133","F5","2019629_29","Cod","40.47437286",0.217112958,"Plate_E",1,1,19,19
"134","F6","2019629_29","Cod",NA,NA,"Plate_E",0,1,19,19
"135","F3","2019629_29","Herring","40.07517242",2.311146736,"Plate_E",1,2,19,190
"136","F4","2019629_29","Herring",NA,NA,"Plate_E",0,2,19,190
"137","F5","2019629_29","Herring","40.9784584",1.259333014,"Plate_E",1,2,19,190
"138","F6","2019629_29","Herring","40.9406395",1.291756511,"Plate_E",1,2,19,190
"139","H7","2019629_3","Cod","42.17907715",0.070012517,"Plate_E",1,1,20,20
"140","H8","2019629_3","Cod",NA,NA,"Plate_E",0,1,20,20
"141","H9","2019629_3","Cod",NA,NA,"Plate_E",0,1,20,20
"142","H10","2019629_3","Cod","42.26866913",0.065969624,"Plate_E",1,1,20,20
"143","H7","2019629_3","Herring",NA,NA,"Plate_E",0,2,20,191
"144","H8","2019629_3","Herring",NA,NA,"Plate_E",0,2,20,191
"145","H9","2019629_3","Herring",NA,NA,"Plate_E",0,2,20,191
"146","H10","2019629_3","Herring","40.49952316",1.737605572,"Plate_E",1,2,20,191
"147","E11","2019629_30","Cod",NA,NA,"Plate_E",0,1,21,21
"148","F11","2019629_30","Cod","40.19440079",0.261462182,"Plate_E",1,1,21,21
"149","E12","2019629_30","Cod","45.72181702",0.006663659,"Plate_E",1,1,21,21
"150","E11","2019629_30","Herring",NA,NA,"Plate_E",0,2,21,192
"151","F11","2019629_30","Herring",NA,NA,"Plate_E",0,2,21,192
"152","E12","2019629_30","Herring",NA,NA,"Plate_E",0,2,21,192
"153","E11","2019629_31","Cod",NA,NA,"Plate_D",0,1,22,22
"154","E12","2019629_31","Cod","42.90684128",0.034028217,"Plate_D",1,1,22,22
"155","E11","2019629_31","Cod","42.44187546",0.031394433,"Plate_F",1,1,22,22
"156","E12","2019629_31","Cod",NA,NA,"Plate_F",0,1,22,22
"157","E11","2019629_31","Herring",NA,NA,"Plate_D",0,2,22,193
"158","E12","2019629_31","Herring",NA,NA,"Plate_D",0,2,22,193
"159","E11","2019629_31","Herring",NA,NA,"Plate_F",0,2,22,193
"160","E12","2019629_31","Herring","39.46422195",1.183519959,"Plate_F",1,2,22,193
"161","G11","2019629_32","Cod","38.86964417",0.542933166,"Plate_D",1,1,23,23
"162","G12","2019629_32","Cod","43.76970673",0.018825358,"Plate_D",1,1,23,23
"163","G11","2019629_32","Cod","39.54406738",0.402639806,"Plate_E",1,1,23,23
"164","G12","2019629_32","Cod","44.26379013",0.017542819,"Plate_E",1,1,23,23
"165","G11","2019629_32","Herring","39.20246887",0.823153913,"Plate_D",1,2,23,194
"166","G12","2019629_32","Herring","39.79040527",0.509962976,"Plate_D",1,2,23,194
"167","G11","2019629_32","Herring","39.62968826",3.117978573,"Plate_E",1,2,23,194
"168","G12","2019629_32","Herring","38.93134689",4.985774994,"Plate_E",1,2,23,194
"169","D3","2019629_4","Cod",NA,NA,"Plate_E",0,1,24,24
"170","D4","2019629_4","Cod",NA,NA,"Plate_E",0,1,24,24
"171","D5","2019629_4","Cod",NA,NA,"Plate_E",0,1,24,24
"172","D6","2019629_4","Cod",NA,NA,"Plate_E",0,1,24,24
"173","D3","2019629_4","Herring",NA,NA,"Plate_E",0,2,24,195
"174","D4","2019629_4","Herring",NA,NA,"Plate_E",0,2,24,195
"175","D5","2019629_4","Herring",NA,NA,"Plate_E",0,2,24,195
"176","D6","2019629_4","Herring",NA,NA,"Plate_E",0,2,24,195
"177","G7","2019629_5","Cod",NA,NA,"Plate_E",0,1,25,25
"178","G8","2019629_5","Cod",NA,NA,"Plate_E",0,1,25,25
"179","G9","2019629_5","Cod",NA,NA,"Plate_E",0,1,25,25
"180","G10","2019629_5","Cod",NA,NA,"Plate_E",0,1,25,25
"181","G7","2019629_5","Herring",NA,NA,"Plate_E",0,2,25,196
"182","G8","2019629_5","Herring",NA,NA,"Plate_E",0,2,25,196
"183","G9","2019629_5","Herring",NA,NA,"Plate_E",0,2,25,196
"184","G10","2019629_5","Herring",NA,NA,"Plate_E",0,2,25,196
"185","D11","2019629_6","Cod","38.8751297",0.540893734,"Plate_D",1,1,26,26
"186","D12","2019629_6","Cod",NA,NA,"Plate_D",0,1,26,26
"187","D11","2019629_6","Cod","40.46643448",0.127317011,"Plate_F",1,1,26,26
"188","D12","2019629_6","Cod","41.02613831",0.085627161,"Plate_F",1,1,26,26
"189","D11","2019629_6","Herring","40.02921677",0.419831812,"Plate_D",1,2,26,197
"190","D12","2019629_6","Herring","39.5435524",0.623513699,"Plate_D",1,2,26,197
"191","D11","2019629_6","Herring","39.18229294",1.469366074,"Plate_F",1,2,26,197
"192","D12","2019629_6","Herring","38.50286484",2.474874735,"Plate_F",1,2,26,197
"193","A11","2019629_7","Cod",NA,NA,"Plate_D",0,1,27,27
"194","A12","2019629_7","Cod","41.78474045",0.073481143,"Plate_D",1,1,27,27
"195","D10","2019629_7","Cod",NA,NA,"Plate_E",0,1,27,27
"196","E10","2019629_7","Cod",NA,NA,"Plate_E",0,1,27,27
"197","A11","2019629_7","Herring",NA,NA,"Plate_D",0,2,27,198
"198","A12","2019629_7","Herring","39.85317612",0.484549016,"Plate_D",1,2,27,198
"199","D10","2019629_7","Herring",NA,NA,"Plate_E",0,2,27,198
"200","E10","2019629_7","Herring",NA,NA,"Plate_E",0,2,27,198
"201","C7","2019629_8","Cod","43.70381927",0.025442123,"Plate_E",1,1,28,28
"202","C8","2019629_8","Cod",NA,NA,"Plate_E",0,1,28,28
"203","C9","2019629_8","Cod",NA,NA,"Plate_E",0,1,28,28
"204","C10","2019629_8","Cod","51.38249207",0.000155451,"Plate_E",1,1,28,28
"205","C7","2019629_8","Herring","40.81485748",1.405720234,"Plate_E",1,2,28,199
"206","C8","2019629_8","Herring",NA,NA,"Plate_E",0,2,28,199
"207","C9","2019629_8","Herring","40.69521713",1.523436189,"Plate_E",1,2,28,199
"208","C10","2019629_8","Herring",NA,NA,"Plate_E",0,2,28,199
"209","D5","2020620_02","Cod",NA,NA,"Plate_D",0,1,29,29
"210","D6","2020620_02","Cod",NA,NA,"Plate_D",0,1,29,29
"211","G5","2020620_02","Cod",NA,NA,"Plate_F",0,1,29,29
"212","G6","2020620_02","Cod",NA,NA,"Plate_F",0,1,29,29
"213","D5","2020620_02","Herring",NA,NA,"Plate_D",0,2,29,200
"214","D6","2020620_02","Herring",NA,NA,"Plate_D",0,2,29,200
"215","G5","2020620_02","Herring",NA,NA,"Plate_F",0,2,29,200
"216","G6","2020620_02","Herring",NA,NA,"Plate_F",0,2,29,200
"217","F3","2020620_03","Cod","41.20203018",0.109596811,"Plate_D",1,1,30,30
"218","F4","2020620_03","Cod","44.52492142",0.011213017,"Plate_D",1,1,30,30
"219","A5","2020620_03","Cod","44.37723923",0.007964426,"Plate_F",1,1,30,30
"220","A6","2020620_03","Cod","39.86872864",0.194472492,"Plate_F",1,1,30,30
"221","F3","2020620_03","Herring","38.66085434",1.279499888,"Plate_D",1,2,30,201
"222","F4","2020620_03","Herring","40.42780304",0.303460807,"Plate_D",1,2,30,201
"223","A5","2020620_03","Herring","38.81376648",1.949591041,"Plate_F",1,2,30,201
"224","A6","2020620_03","Herring",NA,NA,"Plate_F",0,2,30,201
"225","G7","2020620_04","Cod",NA,NA,"Plate_D",0,1,31,31
"226","G8","2020620_04","Cod","41.8818512",0.06874501,"Plate_D",1,1,31,31
"227","B9","2020620_04","Cod",NA,NA,"Plate_F",0,1,31,31
"228","B10","2020620_04","Cod","41.09406281",0.081602722,"Plate_F",1,1,31,31
"229","G7","2020620_04","Herring",NA,NA,"Plate_D",0,2,31,202
"230","G8","2020620_04","Herring","39.51931763",0.635941863,"Plate_D",1,2,31,202
"231","B9","2020620_04","Herring","39.4901123",1.1602391,"Plate_F",1,2,31,202
"232","B10","2020620_04","Herring",NA,NA,"Plate_F",0,2,31,202
"233","B9","2020620_05","Cod","44.09890747",0.015019515,"Plate_D",1,1,32,32
"234","B10","2020620_05","Cod",NA,NA,"Plate_D",0,1,32,32
"235","E9","2020620_05","Cod",NA,NA,"Plate_F",0,1,32,32
"236","E10","2020620_05","Cod",NA,NA,"Plate_F",0,1,32,32
"237","B9","2020620_05","Herring","40.26202011",0.347325802,"Plate_D",1,2,32,203
"238","B10","2020620_05","Herring","39.57629776",0.60710609,"Plate_D",1,2,32,203
"239","E9","2020620_05","Herring",NA,NA,"Plate_F",0,2,32,203
"240","E10","2020620_05","Herring","40.19083786",0.677683353,"Plate_F",1,2,32,203
"241","A9","2020620_06","Cod","41.30347824",0.102228239,"Plate_D",1,1,33,33
"242","A10","2020620_06","Cod","47.68412781",0.001283565,"Plate_D",1,1,33,33
"243","D9","2020620_06","Cod","40.20229721",0.153527766,"Plate_F",1,1,33,33
"244","D10","2020620_06","Cod",NA,NA,"Plate_F",0,1,33,33
"245","A9","2020620_06","Herring","38.23839951",1.804907203,"Plate_D",1,2,33,204
"246","A10","2020620_06","Herring","37.93161774",2.31717062,"Plate_D",1,2,33,204
"247","D9","2020620_06","Herring","39.3844986",1.258183122,"Plate_F",1,2,33,204
"248","D10","2020620_06","Herring","38.73543549",2.070369005,"Plate_F",1,2,33,204
"249","H3","2020620_07","Cod","42.84184647",0.035579905,"Plate_D",1,1,34,34
"250","H4","2020620_07","Cod","40.1687355",0.222676456,"Plate_D",1,1,34,34
"251","C5","2020620_07","Cod","39.02007675",0.354870796,"Plate_F",1,1,34,34
"252","C6","2020620_07","Cod","42.15238571",0.038543981,"Plate_F",1,1,34,34
"253","H3","2020620_07","Herring",NA,NA,"Plate_D",0,2,34,205
"254","H4","2020620_07","Herring","40.07585526",0.404184967,"Plate_D",1,2,34,205
"255","C5","2020620_07","Herring","39.77295685",0.933873355,"Plate_F",1,2,34,205
"256","C6","2020620_07","Herring","40.1975174",0.674218714,"Plate_F",1,2,34,205
"257","E9","2020620_08","Cod",NA,NA,"Plate_D",0,1,35,35
"258","E10","2020620_08","Cod",NA,NA,"Plate_D",0,1,35,35
"259","H9","2020620_08","Cod","51.6990242",4.44e-05,"Plate_F",1,1,35,35
"260","H10","2020620_08","Cod","42.33283997",0.033916682,"Plate_F",1,1,35,35
"261","E9","2020620_08","Herring",NA,NA,"Plate_D",0,2,35,206
"262","E10","2020620_08","Herring",NA,NA,"Plate_D",0,2,35,206
"263","H9","2020620_08","Herring",NA,NA,"Plate_F",0,2,35,206
"264","H10","2020620_08","Herring",NA,NA,"Plate_F",0,2,35,206
"265","H5","2020620_11","Cod",NA,NA,"Plate_D",0,1,36,36
"266","H6","2020620_11","Cod","44.36058807",0.012551239,"Plate_D",1,1,36,36
"267","C7","2020620_11","Cod",NA,NA,"Plate_F",0,1,36,36
"268","C8","2020620_11","Cod","44.81628799",0.005834677,"Plate_F",1,1,36,36
"269","H5","2020620_11","Herring","40.87185287",0.211373374,"Plate_D",1,2,36,207
"270","H6","2020620_11","Herring","41.73017502",0.10506966,"Plate_D",1,2,36,207
"271","C7","2020620_11","Herring",NA,NA,"Plate_F",0,2,36,207
"272","C8","2020620_11","Herring",NA,NA,"Plate_F",0,2,36,207
"273","G3","2020620_12","Cod","51.84999466",7.37e-05,"Plate_D",1,1,37,37
"274","G4","2020620_12","Cod",NA,NA,"Plate_D",0,1,37,37
"275","B5","2020620_12","Cod",NA,NA,"Plate_F",0,1,37,37
"276","B6","2020620_12","Cod",NA,NA,"Plate_F",0,1,37,37
"277","G3","2020620_12","Herring",NA,NA,"Plate_D",0,2,37,208
"278","G4","2020620_12","Herring",NA,NA,"Plate_D",0,2,37,208
"279","B5","2020620_12","Herring",NA,NA,"Plate_F",0,2,37,208
"280","B6","2020620_12","Herring",NA,NA,"Plate_F",0,2,37,208
"281","F7","2020620_13","Cod",NA,NA,"Plate_D",0,1,38,38
"282","F8","2020620_13","Cod",NA,NA,"Plate_D",0,1,38,38
"283","A9","2020620_13","Cod","48.87827682",0.000327907,"Plate_F",1,1,38,38
"284","A10","2020620_13","Cod",NA,NA,"Plate_F",0,1,38,38
"285","F7","2020620_13","Herring",NA,NA,"Plate_D",0,2,38,209
"286","F8","2020620_13","Herring","40.30215454",0.336157054,"Plate_D",1,2,38,209
"287","A9","2020620_13","Herring",NA,NA,"Plate_F",0,2,38,209
"288","A10","2020620_13","Herring",NA,NA,"Plate_F",0,2,38,209
"289","D9","2020620_14","Cod","44.02226639",0.015830388,"Plate_D",1,1,39,39
"290","D10","2020620_14","Cod","41.34797668",0.099154472,"Plate_D",1,1,39,39
"291","G9","2020620_14","Cod",NA,NA,"Plate_F",0,1,39,39
"292","G10","2020620_14","Cod","39.40034485",0.271034807,"Plate_F",1,1,39,39
"293","D9","2020620_14","Herring",NA,NA,"Plate_D",0,2,39,210
"294","D10","2020620_14","Herring",NA,NA,"Plate_D",0,2,39,210
"295","G9","2020620_14","Herring","40.98209763",0.369262397,"Plate_F",1,2,39,210
"296","G10","2020620_14","Herring",NA,NA,"Plate_F",0,2,39,210
"297","A7","2020620_15","Cod",NA,NA,"Plate_D",0,1,40,40
"298","A8","2020620_15","Cod",NA,NA,"Plate_D",0,1,40,40
"299","D7","2020620_15","Cod",NA,NA,"Plate_F",0,1,40,40
"300","D8","2020620_15","Cod",NA,NA,"Plate_F",0,1,40,40
"301","A7","2020620_15","Herring",NA,NA,"Plate_D",0,2,40,211
"302","A8","2020620_15","Herring",NA,NA,"Plate_D",0,2,40,211
"303","D7","2020620_15","Herring",NA,NA,"Plate_F",0,2,40,211
"304","D8","2020620_15","Herring",NA,NA,"Plate_F",0,2,40,211
"305","E3","2020620_16","Cod",NA,NA,"Plate_D",0,1,41,41
"306","E4","2020620_16","Cod",NA,NA,"Plate_D",0,1,41,41
"307","H3","2020620_16","Cod",NA,NA,"Plate_F",0,1,41,41
"308","H4","2020620_16","Cod",NA,NA,"Plate_F",0,1,41,41
"309","E3","2020620_16","Herring",NA,NA,"Plate_D",0,2,41,212
"310","E4","2020620_16","Herring",NA,NA,"Plate_D",0,2,41,212
"311","H3","2020620_16","Herring",NA,NA,"Plate_F",0,2,41,212
"312","H4","2020620_16","Herring",NA,NA,"Plate_F",0,2,41,212
"313","C9","2020620_17","Cod",NA,NA,"Plate_D",0,1,42,42
"314","C10","2020620_17","Cod",NA,NA,"Plate_D",0,1,42,42
"315","F9","2020620_17","Cod",NA,NA,"Plate_F",0,1,42,42
"316","F10","2020620_17","Cod",NA,NA,"Plate_F",0,1,42,42
"317","C9","2020620_17","Herring",NA,NA,"Plate_D",0,2,42,213
"318","C10","2020620_17","Herring",NA,NA,"Plate_D",0,2,42,213
"319","F9","2020620_17","Herring",NA,NA,"Plate_F",0,2,42,213
"320","F10","2020620_17","Herring",NA,NA,"Plate_F",0,2,42,213
"321","D7","2020620_18","Cod",NA,NA,"Plate_D",0,1,43,43
"322","D8","2020620_18","Cod",NA,NA,"Plate_D",0,1,43,43
"323","G7","2020620_18","Cod",NA,NA,"Plate_F",0,1,43,43
"324","G8","2020620_18","Cod",NA,NA,"Plate_F",0,1,43,43
"325","D7","2020620_18","Herring",NA,NA,"Plate_D",0,2,43,214
"326","D8","2020620_18","Herring",NA,NA,"Plate_D",0,2,43,214
"327","G7","2020620_18","Herring",NA,NA,"Plate_F",0,2,43,214
"328","G8","2020620_18","Herring",NA,NA,"Plate_F",0,2,43,214
"329","G5","2020620_19","Cod","40.57882309",0.168068469,"Plate_D",1,1,44,44
"330","G6","2020620_19","Cod","40.96105957",0.129299417,"Plate_D",1,1,44,44
"331","B7","2020620_19","Cod",NA,NA,"Plate_F",0,1,44,44
"332","B8","2020620_19","Cod","45.51321411",0.003560454,"Plate_F",1,1,44,44
"333","G5","2020620_19","Herring","40.61782074",0.259954184,"Plate_D",1,2,44,215
"334","G6","2020620_19","Herring",NA,NA,"Plate_D",0,2,44,215
"335","B7","2020620_19","Herring",NA,NA,"Plate_F",0,2,44,215
"336","B8","2020620_19","Herring",NA,NA,"Plate_F",0,2,44,215
"337","E7","2020620_20","Cod",NA,NA,"Plate_D",0,1,45,45
"338","E8","2020620_20","Cod",NA,NA,"Plate_D",0,1,45,45
"339","H7","2020620_20","Cod","45.08705521",0.004815879,"Plate_F",1,1,45,45
"340","H8","2020620_20","Cod","39.6157341",0.2326639,"Plate_F",1,1,45,45
"341","E7","2020620_20","Herring",NA,NA,"Plate_D",0,2,45,216
"342","E8","2020620_20","Herring","40.43481827",0.301732063,"Plate_D",1,2,45,216
"343","H7","2020620_20","Herring",NA,NA,"Plate_F",0,2,45,216
"344","H8","2020620_20","Herring",NA,NA,"Plate_F",0,2,45,216
"345","H7","2020620_21","Cod",NA,NA,"Plate_D",0,1,46,46
"346","H8","2020620_21","Cod",NA,NA,"Plate_D",0,1,46,46
"347","C9","2020620_21","Cod",NA,NA,"Plate_F",0,1,46,46
"348","C10","2020620_21","Cod",NA,NA,"Plate_F",0,1,46,46
"349","H7","2020620_21","Herring",NA,NA,"Plate_D",0,2,46,217
"350","H8","2020620_21","Herring",NA,NA,"Plate_D",0,2,46,217
"351","C9","2020620_21","Herring",NA,NA,"Plate_F",0,2,46,217
"352","C10","2020620_21","Herring",NA,NA,"Plate_F",0,2,46,217
"353","F5","2020620_22","Cod","43.73883438",0.019228343,"Plate_D",1,1,47,47
"354","F6","2020620_22","Cod",NA,NA,"Plate_D",0,1,47,47
"355","A7","2020620_22","Cod",NA,NA,"Plate_F",0,1,47,47
"356","A8","2020620_22","Cod",NA,NA,"Plate_F",0,1,47,47
"357","F5","2020620_22","Herring",NA,NA,"Plate_D",0,2,47,218
"358","F6","2020620_22","Herring",NA,NA,"Plate_D",0,2,47,218
"359","A7","2020620_22","Herring",NA,NA,"Plate_F",0,2,47,218
"360","A8","2020620_22","Herring",NA,NA,"Plate_F",0,2,47,218
"361","E5","2020620_23","Cod",NA,NA,"Plate_D",0,1,48,48
"362","E6","2020620_23","Cod",NA,NA,"Plate_D",0,1,48,48
"363","H5","2020620_23","Cod",NA,NA,"Plate_F",0,1,48,48
"364","H6","2020620_23","Cod",NA,NA,"Plate_F",0,1,48,48
"365","E5","2020620_23","Herring",NA,NA,"Plate_D",0,2,48,219
"366","E6","2020620_23","Herring",NA,NA,"Plate_D",0,2,48,219
"367","H5","2020620_23","Herring",NA,NA,"Plate_F",0,2,48,219
"368","H6","2020620_23","Herring","40.87150955",0.401965857,"Plate_F",1,2,48,219
"369","F9","2020620_24","Cod",NA,NA,"Plate_D",0,1,49,49
"370","F10","2020620_24","Cod",NA,NA,"Plate_D",0,1,49,49
"371","A11","2020620_24","Cod",NA,NA,"Plate_F",0,1,49,49
"372","A12","2020620_24","Cod",NA,NA,"Plate_F",0,1,49,49
"373","F9","2020620_24","Herring",NA,NA,"Plate_D",0,2,49,220
"374","F10","2020620_24","Herring",NA,NA,"Plate_D",0,2,49,220
"375","A11","2020620_24","Herring","39.64798737",1.027861834,"Plate_F",1,2,49,220
"376","A12","2020620_24","Herring",NA,NA,"Plate_F",0,2,49,220
"377","B5","2020620_26","Cod",NA,NA,"Plate_D",0,1,50,50
"378","B6","2020620_26","Cod",NA,NA,"Plate_D",0,1,50,50
"379","E5","2020620_26","Cod",NA,NA,"Plate_F",0,1,50,50
"380","E6","2020620_26","Cod",NA,NA,"Plate_F",0,1,50,50
"381","B5","2020620_26","Herring",NA,NA,"Plate_D",0,2,50,221
"382","B6","2020620_26","Herring",NA,NA,"Plate_D",0,2,50,221
"383","E5","2020620_26","Herring",NA,NA,"Plate_F",0,2,50,221
"384","E6","2020620_26","Herring",NA,NA,"Plate_F",0,2,50,221
"385","C7","2020620_27","Cod","44.64611816",0.010318371,"Plate_D",1,1,51,51
"386","C8","2020620_27","Cod",NA,NA,"Plate_D",0,1,51,51
"387","F7","2020620_27","Cod",NA,NA,"Plate_F",0,1,51,51
"388","F8","2020620_27","Cod","42.27890396",0.035238281,"Plate_F",1,1,51,51
"389","C7","2020620_27","Herring","40.10155106",0.395814806,"Plate_D",1,2,51,222
"390","C8","2020620_27","Herring",NA,NA,"Plate_D",0,2,51,222
"391","F7","2020620_27","Herring","40.62250519",0.486599058,"Plate_F",1,2,51,222
"392","F8","2020620_27","Herring",NA,NA,"Plate_F",0,2,51,222
"393","C5","2020620_28","Cod",NA,NA,"Plate_D",0,1,52,52
"394","C6","2020620_28","Cod",NA,NA,"Plate_D",0,1,52,52
"395","F5","2020620_28","Cod",NA,NA,"Plate_F",0,1,52,52
"396","F6","2020620_28","Cod",NA,NA,"Plate_F",0,1,52,52
"397","C5","2020620_28","Herring",NA,NA,"Plate_D",0,2,52,223
"398","C6","2020620_28","Herring",NA,NA,"Plate_D",0,2,52,223
"399","F5","2020620_28","Herring",NA,NA,"Plate_F",0,2,52,223
"400","F6","2020620_28","Herring",NA,NA,"Plate_F",0,2,52,223
"401","C3","2020620_29","Cod",NA,NA,"Plate_D",0,1,53,53
"402","C4","2020620_29","Cod",NA,NA,"Plate_D",0,1,53,53
"403","F3","2020620_29","Cod",NA,NA,"Plate_F",0,1,53,53
"404","F4","2020620_29","Cod",NA,NA,"Plate_F",0,1,53,53
"405","C3","2020620_29","Herring",NA,NA,"Plate_D",0,2,53,224
"406","C4","2020620_29","Herring",NA,NA,"Plate_D",0,2,53,224
"407","F3","2020620_29","Herring",NA,NA,"Plate_F",0,2,53,224
"408","F4","2020620_29","Herring",NA,NA,"Plate_F",0,2,53,224
"409","B7","2020620_30","Cod",NA,NA,"Plate_D",0,1,54,54
"410","B8","2020620_30","Cod",NA,NA,"Plate_D",0,1,54,54
"411","E7","2020620_30","Cod",NA,NA,"Plate_F",0,1,54,54
"412","E8","2020620_30","Cod","41.51869583",0.060395431,"Plate_F",1,1,54,54
"413","B7","2020620_30","Herring",NA,NA,"Plate_D",0,2,54,225
"414","B8","2020620_30","Herring",NA,NA,"Plate_D",0,2,54,225
"415","E7","2020620_30","Herring",NA,NA,"Plate_F",0,2,54,225
"416","E8","2020620_30","Herring",NA,NA,"Plate_F",0,2,54,225
"417","A5","2020620_31","Cod","43.00178528",0.031882331,"Plate_D",1,1,55,55
"418","A6","2020620_31","Cod",NA,NA,"Plate_D",0,1,55,55
"419","D5","2020620_31","Cod","46.45589828",0.001825368,"Plate_F",1,1,55,55
"420","D6","2020620_31","Cod","45.13293839",0.004661792,"Plate_F",1,1,55,55
"421","A5","2020620_31","Herring",NA,NA,"Plate_D",0,2,55,226
"422","A6","2020620_31","Herring",NA,NA,"Plate_D",0,2,55,226
"423","D5","2020620_31","Herring",NA,NA,"Plate_F",0,2,55,226
"424","D6","2020620_31","Herring",NA,NA,"Plate_F",0,2,55,226
"425","D3","2020620_32","Cod","41.65371704",0.08039242,"Plate_D",1,1,56,56
"426","D4","2020620_32","Cod",NA,NA,"Plate_D",0,1,56,56
"427","G3","2020620_32","Cod",NA,NA,"Plate_F",0,1,56,56
"428","G4","2020620_32","Cod",NA,NA,"Plate_F",0,1,56,56
"429","D3","2020620_32","Herring",NA,NA,"Plate_D",0,2,56,227
"430","D4","2020620_32","Herring",NA,NA,"Plate_D",0,2,56,227
"431","G3","2020620_32","Herring","39.50717545",1.145146728,"Plate_F",1,2,56,227
"432","G4","2020620_32","Herring","39.05901337",1.615152836,"Plate_F",1,2,56,227
"433","B7","2021607_254","Cod",NA,NA,"Plate_C",0,1,57,57
"434","B8","2021607_254","Cod",NA,NA,"Plate_C",0,1,57,57
"435","G5","2021607_254","Cod",NA,NA,"Plate_H",0,1,57,57
"436","G6","2021607_254","Cod",NA,NA,"Plate_H",0,1,57,57
"437","B7","2021607_254","Saithe",NA,NA,"Plate_C",0,3,57,268
"438","B8","2021607_254","Saithe",NA,NA,"Plate_C",0,3,57,268
"439","G5","2021607_254","Saithe",NA,NA,"Plate_H",0,3,57,268
"440","G6","2021607_254","Saithe",NA,NA,"Plate_H",0,3,57,268
"441","C11","2021607_256","Cod","38.49318314",1.282289505,"Plate_C",1,1,58,58
"442","C12","2021607_256","Cod","38.00702667",1.755966425,"Plate_C",1,1,58,58
"443","H9","2021607_256","Cod","37.4022522",1.275696397,"Plate_H",1,1,58,58
"444","H10","2021607_256","Cod","40.95356369",0.104005396,"Plate_H",1,1,58,58
"445","C11","2021607_256","Saithe","39.33446884",1.368662715,"Plate_C",1,3,58,269
"446","C12","2021607_256","Saithe",NA,NA,"Plate_C",0,3,58,269
"447","H9","2021607_256","Saithe",NA,NA,"Plate_H",0,3,58,269
"448","H10","2021607_256","Saithe","38.40633774",0.550673723,"Plate_H",1,3,58,269
"449","E3","2021607_257","Cod","40.85422516",0.278561473,"Plate_C",1,1,59,59
"450","E4","2021607_257","Cod","38.88139725",0.997612059,"Plate_C",1,1,59,59
"451","B3","2021607_257","Cod","39.17955399",0.363828748,"Plate_H",1,1,59,59
"452","B4","2021607_257","Cod","38.54243469",0.570443392,"Plate_H",1,1,59,59
"453","E3","2021607_257","Saithe",NA,NA,"Plate_C",0,3,59,270
"454","E4","2021607_257","Saithe","40.70185852",0.520569026,"Plate_C",1,3,59,270
"455","B3","2021607_257","Saithe",NA,NA,"Plate_H",0,3,59,270
"456","B4","2021607_257","Saithe","37.73772049",0.893889189,"Plate_H",1,3,59,270
"457","F5","2021607_258","Cod","39.1560173",0.835292459,"Plate_C",1,1,60,60
"458","F6","2021607_258","Cod","40.0606308",0.465361804,"Plate_C",1,1,60,60
"459","C5","2021607_258","Cod","39.37300873",0.317388684,"Plate_H",1,1,60,60
"460","C6","2021607_258","Cod","40.60237122",0.133265451,"Plate_H",1,1,60,60
"461","F5","2021607_258","Saithe","40.1403923",0.774213135,"Plate_C",1,3,60,271
"462","F6","2021607_258","Saithe",NA,NA,"Plate_C",0,3,60,271
"463","C5","2021607_258","Saithe",NA,NA,"Plate_H",0,3,60,271
"464","C6","2021607_258","Saithe",NA,NA,"Plate_H",0,3,60,271
"465","A11","2021607_259","Cod","41.01078415",0.251740843,"Plate_C",1,1,61,61
"466","A12","2021607_259","Cod","39.88567352",0.521104693,"Plate_C",1,1,61,61
"467","F9","2021607_259","Cod","39.15539169",0.370087326,"Plate_H",1,1,61,61
"468","F10","2021607_259","Cod","40.08691025",0.191750944,"Plate_H",1,1,61,61
"469","A11","2021607_259","Saithe",NA,NA,"Plate_C",0,3,61,272
"470","A12","2021607_259","Saithe",NA,NA,"Plate_C",0,3,61,272
"471","F9","2021607_259","Saithe",NA,NA,"Plate_H",0,3,61,272
"472","F10","2021607_259","Saithe",NA,NA,"Plate_H",0,3,61,272
"473","D7","2021607_260","Cod","40.60162354",0.327989995,"Plate_C",1,1,62,62
"474","D8","2021607_260","Cod","39.07995987",0.877401114,"Plate_C",1,1,62,62
"475","A7","2021607_260","Cod","39.34152985",0.324520111,"Plate_H",1,1,62,62
"476","A8","2021607_260","Cod","39.34223938",0.324357629,"Plate_H",1,1,62,62
"477","D7","2021607_260","Saithe","41.20147324",0.365667015,"Plate_C",1,3,62,273
"478","D8","2021607_260","Saithe",NA,NA,"Plate_C",0,3,62,273
"479","A7","2021607_260","Saithe","39.31420898",0.28524667,"Plate_H",1,3,62,273
"480","A8","2021607_260","Saithe","45.94108582",0.002344151,"Plate_H",1,3,62,273
"481","A9","2021607_261","Cod","39.95724487",0.497536778,"Plate_C",1,1,63,63
"482","A10","2021607_261","Cod","38.98366165",0.933774889,"Plate_C",1,1,63,63
"483","F7","2021607_261","Cod","42.27936172",0.040796109,"Plate_H",1,1,63,63
"484","F8","2021607_261","Cod","47.92405319",0.000758892,"Plate_H",1,1,63,63
"485","A9","2021607_261","Saithe",NA,NA,"Plate_C",0,3,63,274
"486","A10","2021607_261","Saithe",NA,NA,"Plate_C",0,3,63,274
"487","F7","2021607_261","Saithe",NA,NA,"Plate_H",0,3,63,274
"488","F8","2021607_261","Saithe",NA,NA,"Plate_H",0,3,63,274
"489","F7","2021607_264","Cod","41.90747833",0.140971035,"Plate_C",1,1,64,64
"490","F8","2021607_264","Cod","40.89360428",0.271557599,"Plate_C",1,1,64,64
"491","C7","2021607_264","Cod","39.20027924",0.358544827,"Plate_H",1,1,64,64
"492","F7","2021607_264","Saithe",NA,NA,"Plate_C",0,3,64,275
"493","F8","2021607_264","Saithe",NA,NA,"Plate_C",0,3,64,275
"494","C7","2021607_264","Saithe","37.43727493",1.111278415,"Plate_H",1,3,64,275
"495","H9","2021607_265","Cod","42.08922195",0.12534003,"Plate_C",1,1,65,65
"496","H10","2021607_265","Cod","40.07275391",0.461727887,"Plate_C",1,1,65,65
"497","E9","2021607_265","Cod","39.05029678",0.398586094,"Plate_H",1,1,65,65
"498","E10","2021607_265","Cod","39.37708664",0.316476375,"Plate_H",1,1,65,65
"499","H9","2021607_265","Saithe",NA,NA,"Plate_C",0,3,65,276
"500","H10","2021607_265","Saithe",NA,NA,"Plate_C",0,3,65,276
"501","E9","2021607_265","Saithe",NA,NA,"Plate_H",0,3,65,276
"502","E10","2021607_265","Saithe",NA,NA,"Plate_H",0,3,65,276
"503","G9","2021607_266","Cod","41.48059464",0.185786471,"Plate_C",1,1,66,66
"504","G10","2021607_266","Cod","41.13603973",0.232154667,"Plate_C",1,1,66,66
"505","D9","2021607_266","Cod","43.38016891",0.018756632,"Plate_H",1,1,66,66
"506","D10","2021607_266","Cod","40.28025055",0.16728887,"Plate_H",1,1,66,66
"507","G9","2021607_266","Saithe",NA,NA,"Plate_C",0,3,66,277
"508","G10","2021607_266","Saithe",NA,NA,"Plate_C",0,3,66,277
"509","D9","2021607_266","Saithe","39.01484299",0.354339927,"Plate_H",1,3,66,277
"510","D10","2021607_266","Saithe",NA,NA,"Plate_H",0,3,66,277
"511","C5","2021607_267","Cod","39.73790359",0.573355615,"Plate_C",1,1,67,67
"512","C6","2021607_267","Cod","39.25975037",0.781099916,"Plate_C",1,1,67,67
"513","H3","2021607_267","Cod","39.22591019",0.352116227,"Plate_H",1,1,67,67
"514","H4","2021607_267","Cod","38.27042007",0.691196382,"Plate_H",1,1,67,67
"515","C5","2021607_267","Saithe",NA,NA,"Plate_C",0,3,67,278
"516","C6","2021607_267","Saithe",NA,NA,"Plate_C",0,3,67,278
"517","H3","2021607_267","Saithe",NA,NA,"Plate_H",0,3,67,278
"518","H4","2021607_267","Saithe","38.61061478",0.474914968,"Plate_H",1,3,67,278
"519","F9","2021607_268","Cod",NA,NA,"Plate_C",0,1,68,68
"520","F10","2021607_268","Cod","41.13500595",0.232309923,"Plate_C",1,1,68,68
"521","C9","2021607_268","Cod",NA,NA,"Plate_H",0,1,68,68
"522","C10","2021607_268","Cod",NA,NA,"Plate_H",0,1,68,68
"523","F9","2021607_268","Saithe",NA,NA,"Plate_C",0,3,68,279
"524","F10","2021607_268","Saithe",NA,NA,"Plate_C",0,3,68,279
"525","C9","2021607_268","Saithe",NA,NA,"Plate_H",0,3,68,279
"526","C10","2021607_268","Saithe",NA,NA,"Plate_H",0,3,68,279
"527","E9","2021607_269","Cod","44.82517242",0.021366678,"Plate_C",1,1,69,69
"528","E10","2021607_269","Cod","39.07875061",0.878087521,"Plate_C",1,1,69,69
"529","B9","2021607_269","Cod","38.20493317",0.723897636,"Plate_H",1,1,69,69
"530","B10","2021607_269","Cod","39.44008255",0.302711725,"Plate_H",1,1,69,69
"531","E9","2021607_269","Saithe",NA,NA,"Plate_C",0,3,69,280
"532","E10","2021607_269","Saithe","39.26683044",1.435697317,"Plate_C",1,3,69,280
"533","B9","2021607_269","Saithe",NA,NA,"Plate_H",0,3,69,280
"534","B10","2021607_269","Saithe","38.96369934",0.367716491,"Plate_H",1,3,69,280
"535","E5","2021607_270","Cod","39.0002327",0.923822284,"Plate_C",1,1,70,70
"536","E6","2021607_270","Cod","39.57836914",0.635663152,"Plate_C",1,1,70,70
"537","B5","2021607_270","Cod","37.93286896",0.8771649,"Plate_H",1,1,70,70
"538","B6","2021607_270","Cod","40.73371506",0.121465452,"Plate_H",1,1,70,70
"539","E5","2021607_270","Saithe","39.97193146",0.872130871,"Plate_C",1,3,70,281
"540","E6","2021607_270","Saithe",NA,NA,"Plate_C",0,3,70,281
"541","B5","2021607_270","Saithe",NA,NA,"Plate_H",0,3,70,281
"542","B6","2021607_270","Saithe",NA,NA,"Plate_H",0,3,70,281
"543","H5","2021607_271","Cod","41.37565613",0.198831216,"Plate_C",1,1,71,71
"544","H6","2021607_271","Cod","42.10336685",0.124198794,"Plate_C",1,1,71,71
"545","E5","2021607_271","Cod","39.0466423",0.399615616,"Plate_H",1,1,71,71
"546","E6","2021607_271","Cod","40.15768433",0.182406783,"Plate_H",1,1,71,71
"547","H5","2021607_271","Saithe",NA,NA,"Plate_C",0,3,71,282
"548","H6","2021607_271","Saithe",NA,NA,"Plate_C",0,3,71,282
"549","E5","2021607_271","Saithe",NA,NA,"Plate_H",0,3,71,282
"550","E6","2021607_271","Saithe","39.55353928",0.239834756,"Plate_H",1,3,71,282
"551","A7","2021607_272","Cod","43.70324707",0.044138115,"Plate_C",1,1,72,72
"552","A8","2021607_272","Cod","41.76615524",0.154460862,"Plate_C",1,1,72,72
"553","F5","2021607_272","Cod","39.4160347",0.307894111,"Plate_H",1,1,72,72
"554","F6","2021607_272","Cod","42.34548569",0.038935676,"Plate_H",1,1,72,72
"555","A7","2021607_272","Saithe",NA,NA,"Plate_C",0,3,72,283
"556","A8","2021607_272","Saithe","40.64203644",0.543056428,"Plate_C",1,3,72,283
"557","F5","2021607_272","Saithe",NA,NA,"Plate_H",0,3,72,283
"558","F6","2021607_272","Saithe","39.57056046",0.236895159,"Plate_H",1,3,72,283
"559","H7","2021607_274","Cod",NA,NA,"Plate_C",0,1,73,73
"560","H8","2021607_274","Cod",NA,NA,"Plate_C",0,1,73,73
"561","E7","2021607_274","Cod",NA,NA,"Plate_H",0,1,73,73
"562","E8","2021607_274","Cod",NA,NA,"Plate_H",0,1,73,73
"563","H7","2021607_274","Saithe",NA,NA,"Plate_C",0,3,73,284
"564","H8","2021607_274","Saithe",NA,NA,"Plate_C",0,3,73,284
"565","E7","2021607_274","Saithe",NA,NA,"Plate_H",0,3,73,284
"566","E8","2021607_274","Saithe",NA,NA,"Plate_H",0,3,73,284
"567","G5","2021607_275","Cod","40.87848663",0.274225324,"Plate_C",1,1,74,74
"568","G6","2021607_275","Cod","39.94152451",0.50262028,"Plate_C",1,1,74,74
"569","D5","2021607_275","Cod","41.49946213",0.070746511,"Plate_H",1,1,74,74
"570","D6","2021607_275","Cod","40.53758621",0.139501259,"Plate_H",1,1,74,74
"571","G5","2021607_275","Saithe","41.22260666",0.360244513,"Plate_C",1,3,74,285
"572","G6","2021607_275","Saithe",NA,NA,"Plate_C",0,3,74,285
"573","D5","2021607_275","Saithe",NA,NA,"Plate_H",0,3,74,285
"574","D6","2021607_275","Saithe",NA,NA,"Plate_H",0,3,74,285
"575","H3","2021607_276","Cod","41.59132767",0.172948301,"Plate_C",1,1,75,75
"576","H4","2021607_276","Cod","42.28206635",0.110645093,"Plate_C",1,1,75,75
"577","E3","2021607_276","Cod","36.41351318",2.563631296,"Plate_H",1,1,75,75
"578","E4","2021607_276","Cod","41.90648651",0.053079583,"Plate_H",1,1,75,75
"579","H3","2021607_276","Saithe","40.70158768",0.520668685,"Plate_C",1,3,75,286
"580","H4","2021607_276","Saithe","40.45201111",0.621136189,"Plate_C",1,3,75,286
"581","E3","2021607_276","Saithe","36.17077637",2.781912804,"Plate_H",1,3,75,286
"582","E4","2021607_276","Saithe",NA,NA,"Plate_H",0,3,75,286
"583","E7","2021607_277","Cod","38.9311142",0.966049492,"Plate_C",1,1,76,76
"584","E8","2021607_277","Cod","40.26541138",0.407643974,"Plate_C",1,1,76,76
"585","B7","2021607_277","Cod","41.28318787",0.082414985,"Plate_H",1,1,76,76
"586","B8","2021607_277","Cod","40.99054337",0.101325646,"Plate_H",1,1,76,76
"587","E7","2021607_277","Saithe",NA,NA,"Plate_C",0,3,76,287
"588","E8","2021607_277","Saithe","41.6027565",0.275348783,"Plate_C",1,3,76,287
"589","B7","2021607_277","Saithe","38.13121414",0.672149181,"Plate_H",1,3,76,287
"590","B8","2021607_277","Saithe",NA,NA,"Plate_H",0,3,76,287
"591","A3","2021607_278","Cod","41.00262833",0.253072023,"Plate_C",1,1,77,77
"592","A4","2021607_278","Cod","39.9450531",0.501474738,"Plate_C",1,1,77,77
"593","D1","2021607_278","Cod","38.52590179",0.79473424,"Plate_I",1,1,77,77
"594","D2","2021607_278","Cod","40.60310364",0.18500334,"Plate_I",1,1,77,77
"595","A3","2021607_278","Saithe",NA,NA,"Plate_C",0,3,77,288
"596","A4","2021607_278","Saithe","40.58361816",0.565953374,"Plate_C",1,3,77,288
"597","D1","2021607_278","Saithe","43.06474686",0.11491473,"Plate_I",1,3,77,288
"598","D2","2021607_278","Saithe",NA,NA,"Plate_I",0,3,77,288
"599","B9","2021607_279","Cod","41.18739319",0.224571973,"Plate_C",1,1,78,78
"600","B10","2021607_279","Cod","44.86888885",0.020771118,"Plate_C",1,1,78,78
"601","G7","2021607_279","Cod","39.97364044",0.20771198,"Plate_H",1,1,78,78
"602","G8","2021607_279","Cod","41.11720276",0.092659645,"Plate_H",1,1,78,78
"603","B9","2021607_279","Saithe",NA,NA,"Plate_C",0,3,78,289
"604","B10","2021607_279","Saithe","40.75763702",0.500441253,"Plate_C",1,3,78,289
"605","G7","2021607_279","Saithe","37.92458344",0.780701041,"Plate_H",1,3,78,289
"606","G8","2021607_279","Saithe","39.4066391",0.266769528,"Plate_H",1,3,78,289
"607","D9","2021607_280","Cod","38.82565308",1.034228802,"Plate_C",1,1,79,79
"608","D10","2021607_280","Cod","40.55425644",0.338191718,"Plate_C",1,1,79,79
"609","A9","2021607_280","Cod","38.82320023",0.467886955,"Plate_H",1,1,79,79
"610","A10","2021607_280","Cod","38.08139801",0.789856374,"Plate_H",1,1,79,79
"611","D9","2021607_280","Saithe",NA,NA,"Plate_C",0,3,79,290
"612","D10","2021607_280","Saithe",NA,NA,"Plate_C",0,3,79,290
"613","A9","2021607_280","Saithe",NA,NA,"Plate_H",0,3,79,290
"614","A10","2021607_280","Saithe","39.4081192",0.266483605,"Plate_H",1,3,79,290
"615","C9","2021607_281","Cod","41.23278427",0.21807611,"Plate_C",1,1,80,80
"616","C10","2021607_281","Cod","40.28769302",0.401812583,"Plate_C",1,1,80,80
"617","H7","2021607_281","Cod",NA,NA,"Plate_H",0,1,80,80
"618","H8","2021607_281","Cod","40.98434448",0.101769984,"Plate_H",1,1,80,80
"619","C9","2021607_281","Saithe","41.26781464",0.348913342,"Plate_C",1,3,80,291
"620","C10","2021607_281","Saithe",NA,NA,"Plate_C",0,3,80,291
"621","H7","2021607_281","Saithe",NA,NA,"Plate_H",0,3,80,291
"622","H8","2021607_281","Saithe",NA,NA,"Plate_H",0,3,80,291
"623","G7","2021607_282","Cod","41.06632996",0.242859125,"Plate_C",1,1,81,81
"624","G8","2021607_282","Cod","43.44458771",0.052174054,"Plate_C",1,1,81,81
"625","D7","2021607_282","Cod","38.98316574",0.417928368,"Plate_H",1,1,81,81
"626","G7","2021607_282","Saithe","40.21936035",0.732176304,"Plate_C",1,3,81,292
"627","G8","2021607_282","Saithe","41.14996719",0.379227012,"Plate_C",1,3,81,292
"628","D7","2021607_282","Saithe","41.59793091",0.054527689,"Plate_H",1,3,81,292
"629","B11","2021607_283","Cod","39.432621",0.698486984,"Plate_C",1,1,82,82
"630","B12","2021607_283","Cod","40.52451324",0.344759256,"Plate_C",1,1,82,82
"631","G9","2021607_283","Cod","39.44256592",0.302181572,"Plate_H",1,1,82,82
"632","G10","2021607_283","Cod","38.50969696",0.583779216,"Plate_H",1,1,82,82
"633","B11","2021607_283","Saithe",NA,NA,"Plate_C",0,3,82,293
"634","B12","2021607_283","Saithe","39.10033798",1.615026593,"Plate_C",1,3,82,293
"635","G9","2021607_283","Saithe","38.23905945",0.621628165,"Plate_H",1,3,82,293
"636","G10","2021607_283","Saithe","48.11288071",0.000485961,"Plate_H",1,3,82,293
"637","C7","2021607_285","Cod",NA,NA,"Plate_C",0,1,83,83
"638","C8","2021607_285","Cod",NA,NA,"Plate_C",0,1,83,83
"639","H5","2021607_285","Cod",NA,NA,"Plate_H",0,1,83,83
"640","H6","2021607_285","Cod",NA,NA,"Plate_H",0,1,83,83
"641","C7","2021607_285","Saithe",NA,NA,"Plate_C",0,3,83,294
"642","C8","2021607_285","Saithe",NA,NA,"Plate_C",0,3,83,294
"643","H5","2021607_285","Saithe",NA,NA,"Plate_H",0,3,83,294
"644","H6","2021607_285","Saithe",NA,NA,"Plate_H",0,3,83,294
"645","B3","2021607_286","Cod","37.51959991",2.406595469,"Plate_C",1,1,84,84
"646","B4","2021607_286","Cod","38.18217087",1.567940116,"Plate_C",1,1,84,84
"647","C1","2021607_286","Cod","36.05847549",4.489397049,"Plate_I",1,1,84,84
"648","C2","2021607_286","Cod","36.55968094",3.158217192,"Plate_I",1,1,84,84
"649","B3","2021607_286","Saithe","41.10874176",0.390441865,"Plate_C",1,3,84,295
"650","B4","2021607_286","Saithe",NA,NA,"Plate_C",0,3,84,295
"651","C1","2021607_286","Saithe",NA,NA,"Plate_I",0,3,84,295
"652","C2","2021607_286","Saithe","39.75695419",1.215562463,"Plate_I",1,3,84,295
"653","D3","2021607_287","Cod","37.46218491",2.497625113,"Plate_C",1,1,85,85
"654","D4","2021607_287","Cod","37.59427643",2.293143511,"Plate_C",1,1,85,85
"655","A3","2021607_287","Cod","38.1680336",0.743000448,"Plate_H",1,1,85,85
"656","A4","2021607_287","Cod","38.96859741",0.422248334,"Plate_H",1,1,85,85
"657","D3","2021607_287","Saithe","38.50886536",2.453434944,"Plate_C",1,3,85,296
"658","D4","2021607_287","Saithe","40.68599701",0.526439071,"Plate_C",1,3,85,296
"659","A3","2021607_287","Saithe",NA,NA,"Plate_H",0,3,85,296
"660","A4","2021607_287","Saithe",NA,NA,"Plate_H",0,3,85,296
"661","B5","2021607_288","Cod","39.34056854",0.741327226,"Plate_C",1,1,86,86
"662","B6","2021607_288","Cod","39.57844925",0.63563025,"Plate_C",1,1,86,86
"663","G3","2021607_288","Cod","39.46092224",0.298291326,"Plate_H",1,1,86,86
"664","G4","2021607_288","Cod","39.36753464",0.318617463,"Plate_H",1,1,86,86
"665","B5","2021607_288","Saithe",NA,NA,"Plate_C",0,3,86,297
"666","B6","2021607_288","Saithe","39.31255722",1.390028715,"Plate_C",1,3,86,297
"667","G3","2021607_288","Saithe",NA,NA,"Plate_H",0,3,86,297
"668","G4","2021607_288","Saithe","38.31536865",0.588191807,"Plate_H",1,3,86,297
"669","A5","2021607_289","Cod","39.60863876",0.623341799,"Plate_C",1,1,87,87
"670","A6","2021607_289","Cod","38.31787109",1.436216712,"Plate_C",1,1,87,87
"671","F3","2021607_289","Cod","37.22098541",1.449828267,"Plate_H",1,1,87,87
"672","F4","2021607_289","Cod","37.5408783",1.156778097,"Plate_H",1,1,87,87
"673","A5","2021607_289","Saithe",NA,NA,"Plate_C",0,3,87,298
"674","A6","2021607_289","Saithe","40.63510895",0.545722485,"Plate_C",1,3,87,298
"675","F3","2021607_289","Saithe",NA,NA,"Plate_H",0,3,87,298
"676","F4","2021607_289","Saithe","39.04922104",0.345622957,"Plate_H",1,3,87,298
"677","G3","2021607_290","Cod","36.46038818",4.773837566,"Plate_C",1,1,88,88
"678","G4","2021607_290","Cod","36.7084198",4.066412926,"Plate_C",1,1,88,88
"679","D3","2021607_290","Cod","36.21127701",2.957012415,"Plate_H",1,1,88,88
"680","D4","2021607_290","Cod","36.5069313",2.400033236,"Plate_H",1,1,88,88
"681","G3","2021607_290","Saithe","39.4355278",1.274292588,"Plate_C",1,3,88,299
"682","G4","2021607_290","Saithe","38.48167801",2.501045704,"Plate_C",1,3,88,299
"683","D3","2021607_290","Saithe","38.36257935",0.568412364,"Plate_H",1,3,88,299
"684","D4","2021607_290","Saithe",NA,NA,"Plate_H",0,3,88,299
"685","D11","2021607_291","Cod","40.63760376",0.320446908,"Plate_C",1,1,89,89
"686","D12","2021607_291","Cod","38.24650574",1.504048824,"Plate_C",1,1,89,89
"687","A11","2021607_291","Cod","38.96770477",0.422514468,"Plate_H",1,1,89,89
"688","A12","2021607_291","Cod","38.85128784",0.45870176,"Plate_H",1,1,89,89
"689","D11","2021607_291","Saithe","40.20461655",0.73984766,"Plate_C",1,3,89,300
"690","D12","2021607_291","Saithe","40.2996521",0.691774189,"Plate_C",1,3,89,300
"691","A11","2021607_291","Saithe",NA,NA,"Plate_H",0,3,89,300
"692","A12","2021607_291","Saithe","36.18369675",2.755991936,"Plate_H",1,3,89,300
"693","F3","2021607_292","Cod","35.92508316",6.748393536,"Plate_C",1,1,90,90
"694","F4","2021607_292","Cod","36.64509583",4.236382008,"Plate_C",1,1,90,90
"695","C3","2021607_292","Cod","36.38381958",2.617932558,"Plate_H",1,1,90,90
"696","C4","2021607_292","Cod","36.46850586",2.466022253,"Plate_H",1,1,90,90
"697","F3","2021607_292","Saithe",NA,NA,"Plate_C",0,3,90,301
"698","F4","2021607_292","Saithe","41.01665497",0.416705281,"Plate_C",1,3,90,301
"699","C3","2021607_292","Saithe","38.19039154",0.643938959,"Plate_H",1,3,90,301
"700","C4","2021607_292","Saithe","36.68623734",1.914903283,"Plate_H",1,3,90,301
"701","D5","2021607_293","Cod","38.46592712",1.305090308,"Plate_C",1,1,91,91
"702","D6","2021607_293","Cod","37.24834442",2.868014336,"Plate_C",1,1,91,91
"703","A5","2021607_293","Cod","38.73495102",0.49796024,"Plate_H",1,1,91,91
"704","A6","2021607_293","Cod","38.21451187",0.719019532,"Plate_H",1,1,91,91
"705","D5","2021607_293","Saithe","38.5610466",2.364578724,"Plate_C",1,3,91,302
"706","D6","2021607_293","Saithe","40.380867",0.653175116,"Plate_C",1,3,91,302
"707","A5","2021607_293","Saithe","37.79771805",0.85586375,"Plate_H",1,3,91,302
"708","A6","2021607_293","Saithe",NA,NA,"Plate_H",0,3,91,302
"709","C3","2021607_294","Cod","39.57215118",0.638224185,"Plate_C",1,1,92,92
"710","C4","2021607_294","Cod","43.7855835",0.04184955,"Plate_C",1,1,92,92
"711","B1","2021607_294","Cod","40.65608978",0.178250879,"Plate_I",1,1,92,92
"712","B2","2021607_294","Cod","38.27495575",0.947762549,"Plate_I",1,1,92,92
"713","C3","2021607_294","Saithe","39.80743408",0.979683757,"Plate_C",1,3,92,303
"714","C4","2021607_294","Saithe",NA,NA,"Plate_C",0,3,92,303
"715","B1","2021607_294","Saithe","41.39281845",0.378582805,"Plate_I",1,3,92,303
"716","B2","2021607_294","Saithe","38.78958511",2.423065186,"Plate_I",1,3,92,303
"717","A3","2021624_10","Cod","42.43355179",0.039143201,"Plate_B",1,1,93,93
"718","A4","2021624_10","Cod","49.92884827",0.000214029,"Plate_B",1,1,93,93
"719","A3","2021624_10","Cod",NA,NA,"Plate_G",0,1,93,93
"720","A4","2021624_10","Cod",NA,NA,"Plate_G",0,1,93,93
"721","A3","2021624_10","Herring","35.09906387",35.34352112,"Plate_B",1,2,93,228
"722","A4","2021624_10","Herring","35.12607574",34.65568161,"Plate_B",1,2,93,228
"723","A3","2021624_10","Herring","36.4125824",12.83393097,"Plate_G",1,2,93,228
"724","A4","2021624_10","Herring","42.56510544",0.139179796,"Plate_G",1,2,93,228
"725","C7","2021624_11","Cod",NA,NA,"Plate_B",0,1,94,94
"726","C8","2021624_11","Cod","43.54519653",0.018077837,"Plate_B",1,1,94,94
"727","C7","2021624_11","Cod","45.6545105",0.002266756,"Plate_G",1,1,94,94
"728","C8","2021624_11","Cod",NA,NA,"Plate_G",0,1,94,94
"729","C7","2021624_11","Herring","35.69413757",22.92318916,"Plate_B",1,2,94,229
"730","C8","2021624_11","Herring","35.77841949",21.5597229,"Plate_B",1,2,94,229
"731","C7","2021624_11","Herring","36.05905151",16.6440258,"Plate_G",1,2,94,229
"732","C8","2021624_11","Herring","35.67477417",22.07881737,"Plate_G",1,2,94,229
"733","G3","2021624_13","Cod",NA,NA,"Plate_B",0,1,95,95
"734","G4","2021624_13","Cod",NA,NA,"Plate_B",0,1,95,95
"735","G3","2021624_13","Cod",NA,NA,"Plate_G",0,1,95,95
"736","G4","2021624_13","Cod",NA,NA,"Plate_G",0,1,95,95
"737","G3","2021624_13","Herring",NA,NA,"Plate_B",0,2,95,230
"738","G4","2021624_13","Herring",NA,NA,"Plate_B",0,2,95,230
"739","G3","2021624_13","Herring",NA,NA,"Plate_G",0,2,95,230
"740","G4","2021624_13","Herring",NA,NA,"Plate_G",0,2,95,230
"741","E3","2021624_14","Cod","42.49897385",0.037403397,"Plate_B",1,1,96,96
"742","E4","2021624_14","Cod",NA,NA,"Plate_B",0,1,96,96
"743","E3","2021624_14","Cod","39.92279434",0.138831884,"Plate_G",1,1,96,96
"744","E4","2021624_14","Cod","39.9550972",0.135649294,"Plate_G",1,1,96,96
"745","E3","2021624_14","Herring",NA,NA,"Plate_B",0,2,96,231
"746","E4","2021624_14","Herring",NA,NA,"Plate_B",0,2,96,231
"747","E3","2021624_14","Herring",NA,NA,"Plate_G",0,2,96,231
"748","E4","2021624_14","Herring",NA,NA,"Plate_G",0,2,96,231
"749","E5","2021624_15","Cod",NA,NA,"Plate_B",0,1,97,97
"750","E6","2021624_15","Cod",NA,NA,"Plate_B",0,1,97,97
"751","E5","2021624_15","Cod",NA,NA,"Plate_G",0,1,97,97
"752","E6","2021624_15","Cod","39.98088074",0.133161455,"Plate_G",1,1,97,97
"753","E5","2021624_15","Herring","36.2652626",15.12891197,"Plate_B",1,2,97,232
"754","E6","2021624_15","Herring","37.38412094",6.702926159,"Plate_B",1,2,97,232
"755","E5","2021624_15","Herring","36.63824081",10.87167835,"Plate_G",1,2,97,232
"756","E6","2021624_15","Herring","36.47186279",12.28651619,"Plate_G",1,2,97,232
"757","H5","2021624_16","Cod",NA,NA,"Plate_B",0,1,98,98
"758","H6","2021624_16","Cod",NA,NA,"Plate_B",0,1,98,98
"759","H5","2021624_16","Cod",NA,NA,"Plate_G",0,1,98,98
"760","H6","2021624_16","Cod","48.0223465",0.000414133,"Plate_G",1,1,98,98
"761","H5","2021624_16","Herring",NA,NA,"Plate_B",0,2,98,233
"762","H6","2021624_16","Herring","39.2844696",1.681827307,"Plate_B",1,2,98,233
"763","H5","2021624_16","Herring","39.48892212",1.336420059,"Plate_G",1,2,98,233
"764","H6","2021624_16","Herring","39.49610901",1.329376101,"Plate_G",1,2,98,233
"765","B9","2021624_17","Cod","41.46336365",0.076819696,"Plate_B",1,1,99,99
"766","B10","2021624_17","Cod","39.26010895",0.355177552,"Plate_B",1,1,99,99
"767","B9","2021624_17","Cod","38.948452",0.27943331,"Plate_G",1,1,99,99
"768","B10","2021624_17","Cod",NA,NA,"Plate_G",0,1,99,99
"769","B9","2021624_17","Herring",NA,NA,"Plate_B",0,2,99,234
"770","B10","2021624_17","Herring",NA,NA,"Plate_B",0,2,99,234
"771","B9","2021624_17","Herring",NA,NA,"Plate_G",0,2,99,234
"772","B10","2021624_17","Herring",NA,NA,"Plate_G",0,2,99,234
"773","A5","2021624_18","Cod",NA,NA,"Plate_B",0,1,100,100
"774","A6","2021624_18","Cod",NA,NA,"Plate_B",0,1,100,100
"775","A5","2021624_18","Cod",NA,NA,"Plate_G",0,1,100,100
"776","A6","2021624_18","Cod",NA,NA,"Plate_G",0,1,100,100
"777","A5","2021624_18","Herring","37.13931656",8.009753227,"Plate_B",1,2,100,235
"778","A6","2021624_18","Herring","37.69597244",5.342245102,"Plate_B",1,2,100,235
"779","A5","2021624_18","Herring","36.34432983",13.49447155,"Plate_G",1,2,100,235
"780","A6","2021624_18","Herring","36.157547",15.48118687,"Plate_G",1,2,100,235
"781","G9","2021624_19","Cod",NA,NA,"Plate_B",0,1,101,101
"782","G10","2021624_19","Cod",NA,NA,"Plate_B",0,1,101,101
"783","G9","2021624_19","Cod",NA,NA,"Plate_G",0,1,101,101
"784","G10","2021624_19","Cod",NA,NA,"Plate_G",0,1,101,101
"785","G9","2021624_19","Herring","41.06113434",0.461722165,"Plate_B",1,2,101,236
"786","G10","2021624_19","Herring","34.90359116",40.7451973,"Plate_B",1,2,101,236
"787","G9","2021624_19","Herring","36.2765274",14.18431377,"Plate_G",1,2,101,236
"788","G10","2021624_19","Herring","34.93868637",37.93520737,"Plate_G",1,2,101,236
"789","G7","2021624_2","Cod",NA,NA,"Plate_B",0,1,102,102
"790","G8","2021624_2","Cod",NA,NA,"Plate_B",0,1,102,102
"791","G7","2021624_2","Cod",NA,NA,"Plate_G",0,1,102,102
"792","G8","2021624_2","Cod",NA,NA,"Plate_G",0,1,102,102
"793","G7","2021624_2","Herring",NA,NA,"Plate_B",0,2,102,237
"794","G8","2021624_2","Herring",NA,NA,"Plate_B",0,2,102,237
"795","G7","2021624_2","Herring",NA,NA,"Plate_G",0,2,102,237
"796","G8","2021624_2","Herring","45.51416016",0.015915029,"Plate_G",1,2,102,237
"797","F9","2021624_20","Cod","40.43002701",0.157524452,"Plate_B",1,1,103,103
"798","F10","2021624_20","Cod","40.10987854",0.196776494,"Plate_B",1,1,103,103
"799","F9","2021624_20","Cod","39.99382782",0.131929457,"Plate_G",1,1,103,103
"800","F10","2021624_20","Cod","39.96144104",0.135032907,"Plate_G",1,1,103,103
"801","F9","2021624_20","Herring",NA,NA,"Plate_B",0,2,103,238
"802","F10","2021624_20","Herring",NA,NA,"Plate_B",0,2,103,238
"803","F9","2021624_20","Herring","39.84552002",1.02816987,"Plate_G",1,2,103,238
"804","F10","2021624_20","Herring",NA,NA,"Plate_G",0,2,103,238
"805","A11","2021624_21","Cod","44.11067581",0.012203291,"Plate_B",1,1,104,104
"806","A12","2021624_21","Cod",NA,NA,"Plate_B",0,1,104,104
"807","A11","2021624_21","Cod",NA,NA,"Plate_G",0,1,104,104
"808","A12","2021624_21","Cod","42.72238922",0.018604033,"Plate_G",1,1,104,104
"809","A11","2021624_21","Herring","35.65264893",23.62570953,"Plate_B",1,2,104,239
"810","A12","2021624_21","Herring","37.03312302",8.653161049,"Plate_B",1,2,104,239
"811","A11","2021624_21","Herring","36.70544052",10.34752846,"Plate_G",1,2,104,239
"812","A12","2021624_21","Herring","36.84037781",9.370116234,"Plate_G",1,2,104,239
"813","D5","2021624_22","Cod",NA,NA,"Plate_B",0,1,105,105
"814","D6","2021624_22","Cod",NA,NA,"Plate_B",0,1,105,105
"815","D5","2021624_22","Cod",NA,NA,"Plate_G",0,1,105,105
"816","D6","2021624_22","Cod",NA,NA,"Plate_G",0,1,105,105
"817","D5","2021624_22","Herring","38.31303406",3.409896135,"Plate_B",1,2,105,240
"818","D6","2021624_22","Herring","39.17343903",1.823330879,"Plate_B",1,2,105,240
"819","D5","2021624_22","Herring","39.94377136",0.956508219,"Plate_G",1,2,105,240
"820","D6","2021624_22","Herring","40.01337814",0.908782721,"Plate_G",1,2,105,240
"821","C5","2021624_25","Cod","38.97229385",0.433822513,"Plate_B",1,1,106,106
"822","C6","2021624_25","Cod","40.72424698",0.128395051,"Plate_B",1,1,106,106
"823","C5","2021624_25","Cod","38.81835556",0.306789696,"Plate_G",1,1,106,106
"824","C6","2021624_25","Cod","38.50054932",0.385415524,"Plate_G",1,1,106,106
"825","C5","2021624_25","Herring",NA,NA,"Plate_B",0,2,106,241
"826","C6","2021624_25","Herring","41.2206459",0.411128283,"Plate_B",1,2,106,241
"827","C5","2021624_25","Herring",NA,NA,"Plate_G",0,2,106,241
"828","C6","2021624_25","Herring",NA,NA,"Plate_G",0,2,106,241
"829","D7","2021624_26","Cod",NA,NA,"Plate_B",0,1,107,107
"830","D8","2021624_26","Cod","40.90991974",0.112852104,"Plate_B",1,1,107,107
"831","D7","2021624_26","Cod",NA,NA,"Plate_G",0,1,107,107
"832","D8","2021624_26","Cod","39.29111481",0.218494132,"Plate_G",1,1,107,107
"833","D7","2021624_26","Herring","37.39764404",6.637298107,"Plate_B",1,2,107,242
"834","D8","2021624_26","Herring","39.48923874",1.449029684,"Plate_B",1,2,107,242
"835","D7","2021624_26","Herring","38.13557053",3.61518383,"Plate_G",1,2,107,242
"836","D8","2021624_26","Herring","38.78547668",2.24174118,"Plate_G",1,2,107,242
"837","A7","2021624_27","Cod","41.89891815",0.056756578,"Plate_B",1,1,108,108
"838","A8","2021624_27","Cod","40.05862427",0.203911856,"Plate_B",1,1,108,108
"839","A7","2021624_27","Cod","40.86581421",0.070545003,"Plate_G",1,1,108,108
"840","A8","2021624_27","Cod","40.52534103",0.090078667,"Plate_G",1,1,108,108
"841","A7","2021624_27","Herring","39.76254654",1.187725067,"Plate_B",1,2,108,243
"842","A8","2021624_27","Herring",NA,NA,"Plate_B",0,2,108,243
"843","A7","2021624_27","Herring","40.63593674",0.574974358,"Plate_G",1,2,108,243
"844","A8","2021624_27","Herring","41.39300537",0.329519898,"Plate_G",1,2,108,243
"845","C9","2021624_28","Cod","39.68836594",0.26374945,"Plate_B",1,1,109,109
"846","C10","2021624_28","Cod","42.42589951",0.039351918,"Plate_B",1,1,109,109
"847","C9","2021624_28","Cod","38.15119171",0.495284736,"Plate_G",1,1,109,109
"848","C10","2021624_28","Cod","40.55529785",0.088162065,"Plate_G",1,1,109,109
"849","C9","2021624_28","Herring","43.33337021",0.08838664,"Plate_B",1,2,109,244
"850","C10","2021624_28","Herring",NA,NA,"Plate_B",0,2,109,244
"851","C9","2021624_28","Herring",NA,NA,"Plate_G",0,2,109,244
"852","C10","2021624_28","Herring",NA,NA,"Plate_G",0,2,109,244
"853","F7","2021624_29","Cod",NA,NA,"Plate_B",0,1,110,110
"854","F8","2021624_29","Cod",NA,NA,"Plate_B",0,1,110,110
"855","F7","2021624_29","Cod","43.78392792",0.00868223,"Plate_G",1,1,110,110
"856","F8","2021624_29","Cod","40.47851563",0.093158305,"Plate_G",1,1,110,110
"857","F7","2021624_29","Herring","40.97231674",0.492544889,"Plate_B",1,2,110,245
"858","F8","2021624_29","Herring",NA,NA,"Plate_B",0,2,110,245
"859","F7","2021624_29","Herring","38.95786285",1.974852324,"Plate_G",1,2,110,245
"860","F8","2021624_29","Herring","37.84211349",4.48584938,"Plate_G",1,2,110,245
"861","E9","2021624_3","Cod","41.4442749",0.077845559,"Plate_B",1,1,111,111
"862","E10","2021624_3","Cod","39.18439102",0.374367565,"Plate_B",1,1,111,111
"863","E9","2021624_3","Cod","39.58343887",0.177131757,"Plate_G",1,1,111,111
"864","E10","2021624_3","Cod","42.97036743",0.015570059,"Plate_G",1,1,111,111
"865","E9","2021624_3","Herring","37.4945755",6.185322762,"Plate_B",1,2,111,246
"866","E10","2021624_3","Herring","36.97294617",9.040444374,"Plate_B",1,2,111,246
"867","E9","2021624_3","Herring","38.02515411",3.920951128,"Plate_G",1,2,111,246
"868","E10","2021624_3","Herring","38.14785385",3.582677841,"Plate_G",1,2,111,246
"869","D3","2021624_30","Cod","42.06140137",0.050696328,"Plate_B",1,1,112,112
"870","D4","2021624_30","Cod","42.56707382",0.035674468,"Plate_B",1,1,112,112
"871","D3","2021624_30","Cod","39.86457062",0.144758046,"Plate_G",1,1,112,112
"872","D4","2021624_30","Cod","40.09500885",0.122685902,"Plate_G",1,1,112,112
"873","D3","2021624_30","Herring","39.82544708",1.134593368,"Plate_B",1,2,112,247
"874","D4","2021624_30","Herring",NA,NA,"Plate_B",0,2,112,247
"875","D3","2021624_30","Herring",NA,NA,"Plate_G",0,2,112,247
"876","D4","2021624_30","Herring",NA,NA,"Plate_G",0,2,112,247
"877","B11","2021624_31","Cod","43.82855225",0.014846559,"Plate_B",1,1,113,113
"878","B12","2021624_31","Cod","42.47372818",0.038065411,"Plate_B",1,1,113,113
"879","B11","2021624_31","Cod","41.06679153",0.061066605,"Plate_G",1,1,113,113
"880","B12","2021624_31","Cod","40.80912781",0.073475137,"Plate_G",1,1,113,113
"881","B11","2021624_31","Herring","39.55165863",1.384692907,"Plate_B",1,2,113,248
"882","B12","2021624_31","Herring",NA,NA,"Plate_B",0,2,113,248
"883","B11","2021624_31","Herring","40.76830673",0.521646917,"Plate_G",1,2,113,248
"884","B12","2021624_31","Herring",NA,NA,"Plate_G",0,2,113,248
"885","F3","2021624_32","Cod","40.69129562",0.131369174,"Plate_B",1,1,114,114
"886","F4","2021624_32","Cod","41.83017349",0.059533894,"Plate_B",1,1,114,114
"887","F3","2021624_32","Cod","43.969841",0.007597412,"Plate_G",1,1,114,114
"888","F4","2021624_32","Cod",NA,NA,"Plate_G",0,1,114,114
"889","F3","2021624_32","Herring","38.48879623",3.000563383,"Plate_B",1,2,114,249
"890","F4","2021624_32","Herring","37.62449646",5.627418518,"Plate_B",1,2,114,249
"891","F3","2021624_32","Herring","38.21615219",3.407194614,"Plate_G",1,2,114,249
"892","F4","2021624_32","Herring","38.64439011",2.486800194,"Plate_G",1,2,114,249
"893","A9","2021624_33","Cod",NA,NA,"Plate_B",0,1,115,115
"894","A10","2021624_33","Cod",NA,NA,"Plate_B",0,1,115,115
"895","A9","2021624_33","Cod",NA,NA,"Plate_G",0,1,115,115
"896","A10","2021624_33","Cod",NA,NA,"Plate_G",0,1,115,115
"897","A9","2021624_33","Herring","39.78116608",1.171743155,"Plate_B",1,2,115,250
"898","A10","2021624_33","Herring","39.83427429",1.127329707,"Plate_B",1,2,115,250
"899","A9","2021624_33","Herring",NA,NA,"Plate_G",0,2,115,250
"900","A10","2021624_33","Herring",NA,NA,"Plate_G",0,2,115,250
"901","F11","2021624_34","Cod",NA,NA,"Plate_B",0,1,116,116
"902","F12","2021624_34","Cod",NA,NA,"Plate_B",0,1,116,116
"903","A3","2021624_34","Cod",NA,NA,"Plate_F",0,1,116,116
"904","A4","2021624_34","Cod",NA,NA,"Plate_F",0,1,116,116
"905","F11","2021624_34","Herring",NA,NA,"Plate_B",0,2,116,251
"906","F12","2021624_34","Herring",NA,NA,"Plate_B",0,2,116,251
"907","A3","2021624_34","Herring",NA,NA,"Plate_F",0,2,116,251
"908","A4","2021624_34","Herring",NA,NA,"Plate_F",0,2,116,251
"909","H9","2021624_36","Cod","42.43276596",0.039164584,"Plate_B",1,1,117,117
"910","H10","2021624_36","Cod","39.42575836",0.316555738,"Plate_B",1,1,117,117
"911","H9","2021624_36","Cod","40.69335938",0.079842791,"Plate_G",1,1,117,117
"912","H10","2021624_36","Cod","44.92078781",0.003838585,"Plate_G",1,1,117,117
"913","H9","2021624_36","Herring","40.08838272",0.937036157,"Plate_B",1,2,117,252
"914","H10","2021624_36","Herring","40.28865051",0.809980512,"Plate_B",1,2,117,252
"915","H9","2021624_36","Herring","47.17802429",0.004682299,"Plate_G",1,2,117,252
"916","H10","2021624_36","Herring",NA,NA,"Plate_G",0,2,117,252
"917","A3","2021624_37","Cod",NA,NA,"Plate_D",0,1,118,118
"918","A4","2021624_37","Cod",NA,NA,"Plate_D",0,1,118,118
"919","C3","2021624_37","Cod",NA,NA,"Plate_F",0,1,118,118
"920","C4","2021624_37","Cod",NA,NA,"Plate_F",0,1,118,118
"921","A3","2021624_37","Herring",NA,NA,"Plate_D",0,2,118,253
"922","A4","2021624_37","Herring",NA,NA,"Plate_D",0,2,118,253
"923","C3","2021624_37","Herring",NA,NA,"Plate_F",0,2,118,253
"924","C4","2021624_37","Herring",NA,NA,"Plate_F",0,2,118,253
"925","D9","2021624_38","Cod",NA,NA,"Plate_B",0,1,119,119
"926","D10","2021624_38","Cod","44.40571213",0.009941019,"Plate_B",1,1,119,119
"927","D9","2021624_38","Cod",NA,NA,"Plate_G",0,1,119,119
"928","D10","2021624_38","Cod",NA,NA,"Plate_G",0,1,119,119
"929","D9","2021624_38","Herring","46.12921524",0.011559513,"Plate_B",1,2,119,254
"930","D10","2021624_38","Herring","39.83372116",1.127783537,"Plate_B",1,2,119,254
"931","D9","2021624_38","Herring","39.81788254",1.049278617,"Plate_G",1,2,119,254
"932","D10","2021624_38","Herring","46.39860535",0.008305455,"Plate_G",1,2,119,254
"933","E11","2021624_39","Cod","40.37462616",0.163707554,"Plate_B",1,1,120,120
"934","E12","2021624_39","Cod","39.50250244",0.300115049,"Plate_B",1,1,120,120
"935","E11","2021624_39","Cod","42.81385422",0.017421652,"Plate_G",1,1,120,120
"936","E12","2021624_39","Cod",NA,NA,"Plate_G",0,1,120,120
"937","E11","2021624_39","Herring","40.05196381",0.962197423,"Plate_B",1,2,120,255
"938","E12","2021624_39","Herring",NA,NA,"Plate_B",0,2,120,255
"939","E11","2021624_39","Herring","40.27198792",0.751405001,"Plate_G",1,2,120,255
"940","E12","2021624_39","Herring","40.31898499",0.725881517,"Plate_G",1,2,120,255
"941","B7","2021624_4","Cod",NA,NA,"Plate_B",0,1,121,121
"942","B8","2021624_4","Cod","42.90367889",0.028233547,"Plate_B",1,1,121,121
"943","B7","2021624_4","Cod","42.26295853",0.025873333,"Plate_G",1,1,121,121
"944","B8","2021624_4","Cod","38.73170471",0.326480716,"Plate_G",1,1,121,121
"945","B7","2021624_4","Herring","41.51676178",0.331443071,"Plate_B",1,2,121,256
"946","B8","2021624_4","Herring","35.72262573",22.45293808,"Plate_B",1,2,121,256
"947","B7","2021624_4","Herring","36.51871109",11.870471,"Plate_G",1,2,121,256
"948","B8","2021624_4","Herring","34.62062454",47.9307518,"Plate_G",1,2,121,256
"949","B5","2021624_40","Cod",NA,NA,"Plate_B",0,1,122,122
"950","B6","2021624_40","Cod","47.87400436",0.00089259,"Plate_B",1,1,122,122
"951","B5","2021624_40","Cod",NA,NA,"Plate_G",0,1,122,122
"952","B6","2021624_40","Cod",NA,NA,"Plate_G",0,1,122,122
"953","B5","2021624_40","Herring",NA,NA,"Plate_B",0,2,122,257
"954","B6","2021624_40","Herring",NA,NA,"Plate_B",0,2,122,257
"955","B5","2021624_40","Herring","40.30106735",0.735508442,"Plate_G",1,2,122,257
"956","B6","2021624_40","Herring","38.20215607",3.442441463,"Plate_G",1,2,122,257
"957","E7","2021624_41","Cod","39.57756424",0.284861058,"Plate_B",1,1,123,123
"958","E8","2021624_41","Cod","46.27567673",0.002710501,"Plate_B",1,1,123,123
"959","E7","2021624_41","Cod",NA,NA,"Plate_G",0,1,123,123
"960","E8","2021624_41","Cod",NA,NA,"Plate_G",0,1,123,123
"961","E7","2021624_41","Herring","38.89216232",2.237406492,"Plate_B",1,2,123,258
"962","E8","2021624_41","Herring","37.65555954",5.501659393,"Plate_B",1,2,123,258
"963","E7","2021624_41","Herring","40.01876831",0.905187905,"Plate_G",1,2,123,258
"964","E8","2021624_41","Herring","48.18703461",0.002229645,"Plate_G",1,2,123,258
"965","C3","2021624_42","Cod","41.18878937",0.092970021,"Plate_B",1,1,124,124
"966","C4","2021624_42","Cod","43.36135101",0.020541569,"Plate_B",1,1,124,124
"967","C3","2021624_42","Cod",NA,NA,"Plate_G",0,1,124,124
"968","C4","2021624_42","Cod","40.84848022",0.071428381,"Plate_G",1,1,124,124
"969","C3","2021624_42","Herring",NA,NA,"Plate_B",0,2,124,259
"970","C4","2021624_42","Herring",NA,NA,"Plate_B",0,2,124,259
"971","C3","2021624_42","Herring","41.33824921",0.343058199,"Plate_G",1,2,124,259
"972","C4","2021624_42","Herring","41.87237549",0.231631026,"Plate_G",1,2,124,259
"973","H3","2021624_43","Cod",NA,NA,"Plate_B",0,1,125,125
"974","H4","2021624_43","Cod",NA,NA,"Plate_B",0,1,125,125
"975","H3","2021624_43","Cod","41.50355148",0.044630006,"Plate_G",1,1,125,125
"976","H4","2021624_43","Cod",NA,NA,"Plate_G",0,1,125,125
"977","H3","2021624_43","Herring","40.76032257",0.57468909,"Plate_B",1,2,125,260
"978","H4","2021624_43","Herring","39.57535172",1.361027241,"Plate_B",1,2,125,260
"979","H3","2021624_43","Herring",NA,NA,"Plate_G",0,2,125,260
"980","H4","2021624_43","Herring","41.30338287",0.351967245,"Plate_G",1,2,125,260
"981","F5","2021624_44","Cod",NA,NA,"Plate_B",0,1,126,126
"982","F6","2021624_44","Cod",NA,NA,"Plate_B",0,1,126,126
"983","F5","2021624_44","Cod",NA,NA,"Plate_G",0,1,126,126
"984","F6","2021624_44","Cod",NA,NA,"Plate_G",0,1,126,126
"985","F5","2021624_44","Herring","45.76896667",0.015023563,"Plate_B",1,2,126,261
"986","F6","2021624_44","Herring","42.63734436",0.1466631,"Plate_B",1,2,126,261
"987","F5","2021624_44","Herring",NA,NA,"Plate_G",0,2,126,261
"988","F6","2021624_44","Herring","39.98491669",0.928002417,"Plate_G",1,2,126,261
"989","G5","2021624_5","Cod",NA,NA,"Plate_B",0,1,127,127
"990","G6","2021624_5","Cod",NA,NA,"Plate_B",0,1,127,127
"991","G5","2021624_5","Cod",NA,NA,"Plate_G",0,1,127,127
"992","G6","2021624_5","Cod",NA,NA,"Plate_G",0,1,127,127
"993","G5","2021624_5","Herring","36.17409515",16.16647339,"Plate_B",1,2,127,262
"994","G6","2021624_5","Herring","36.24113846",15.39680386,"Plate_B",1,2,127,262
"995","G5","2021624_5","Herring","35.89820862",18.73367119,"Plate_G",1,2,127,262
"996","G6","2021624_5","Herring","37.07023621",7.912990093,"Plate_G",1,2,127,262
"997","H7","2021624_6","Cod","48.09201431",0.000767103,"Plate_B",1,1,128,128
"998","H8","2021624_6","Cod","39.50017548",0.300600767,"Plate_B",1,1,128,128
"999","H7","2021624_6","Cod","49.83843994",0.000112435,"Plate_G",1,1,128,128
"1000","H8","2021624_6","Cod",NA,NA,"Plate_G",0,1,128,128
"1001","H7","2021624_6","Herring","37.86229324",4.733352184,"Plate_B",1,2,128,263
"1002","H8","2021624_6","Herring","39.03905869",2.010609627,"Plate_B",1,2,128,263
"1003","H7","2021624_6","Herring","38.33583069",3.120168924,"Plate_G",1,2,128,263
"1004","H8","2021624_6","Herring","38.0619812",3.816197395,"Plate_G",1,2,128,263
"1005","G11","2021624_7","Cod","42.0633812",0.050626624,"Plate_B",1,1,129,129
"1006","G12","2021624_7","Cod","42.51234436",0.037057459,"Plate_B",1,1,129,129
"1007","A3","2021624_7","Cod",NA,NA,"Plate_F",0,1,129,129
"1008","B4","2021624_7","Cod","38.93407059",0.377174795,"Plate_F",1,1,129,129
"1009","G11","2021624_7","Herring","36.73715591",10.73238277,"Plate_B",1,2,129,264
"1010","G12","2021624_7","Herring","36.23777771",15.43449879,"Plate_B",1,2,129,264
"1011","B3","2021624_7","Herring","34.95716476",37.59910583,"Plate_F",1,2,129,264
"1012","B4","2021624_7","Herring","35.16669846",32.01468658,"Plate_F",1,2,129,264
"1013","B3","2021624_8","Cod",NA,NA,"Plate_B",0,1,130,130
"1014","B4","2021624_8","Cod",NA,NA,"Plate_B",0,1,130,130
"1015","B3","2021624_8","Cod",NA,NA,"Plate_G",0,1,130,130
"1016","B4","2021624_8","Cod",NA,NA,"Plate_G",0,1,130,130
"1017","B3","2021624_8","Herring","37.30815125",7.083856583,"Plate_B",1,2,130,265
"1018","B4","2021624_8","Herring","37.36190033",6.812175751,"Plate_B",1,2,130,265
"1019","B3","2021624_8","Herring","36.8061676",9.608815193,"Plate_G",1,2,130,265
"1020","B4","2021624_8","Herring","37.29789734",6.693264008,"Plate_G",1,2,130,265
"1021","D11","2021624_9","Cod","42.14527512",0.047825798,"Plate_B",1,1,131,131
"1022","D12","2021624_9","Cod","43.05975723",0.025331378,"Plate_B",1,1,131,131
"1023","D11","2021624_9","Cod","40.98753738",0.06464193,"Plate_G",1,1,131,131
"1024","D12","2021624_9","Cod","40.92469788",0.067624956,"Plate_G",1,1,131,131
"1025","D11","2021624_9","Herring","37.7012825",5.32164526,"Plate_B",1,2,131,266
"1026","D12","2021624_9","Herring","38.43218613",3.126733065,"Plate_B",1,2,131,266
"1027","D11","2021624_9","Herring","38.63124847",2.510947466,"Plate_G",1,2,131,266
"1028","D12","2021624_9","Herring","37.89494324",4.314929962,"Plate_G",1,2,131,266
"1029","C5","2022607_235","Cod",NA,NA,"Plate_A",0,1,132,132
"1030","C6","2022607_235","Cod","41.26595306",0.08874926,"Plate_A",1,1,132,132
"1031","H7","2022607_235","Cod",NA,NA,"Plate_I",0,1,132,132
"1032","H8","2022607_235","Cod",NA,NA,"Plate_I",0,1,132,132
"1033","C5","2022607_235","Saithe","41.27124023",0.395995021,"Plate_A",1,3,132,304
"1034","C6","2022607_235","Saithe",NA,NA,"Plate_A",0,3,132,304
"1035","H7","2022607_235","Saithe",NA,NA,"Plate_I",0,3,132,304
"1036","H8","2022607_235","Saithe",NA,NA,"Plate_I",0,3,132,304
"1037","G7","2022607_236","Cod","32.6499939",25.59235382,"Plate_A",1,1,133,133
"1038","G8","2022607_236","Cod","32.04406357",38.11620331,"Plate_A",1,1,133,133
"1039","C8","2022607_236","Cod","33.76947021",16.57350731,"Plate_H",1,1,133,133
"1040","D5","2022607_236","Cod","33.81375122",21.69122314,"Plate_I",1,1,133,133
"1041","D6","2022607_236","Cod","33.56068039",25.90652657,"Plate_I",1,1,133,133
"1042","G7","2022607_236","Saithe",NA,NA,"Plate_A",0,3,133,305
"1043","G8","2022607_236","Saithe",NA,NA,"Plate_A",0,3,133,305
"1044","C8","2022607_236","Saithe",NA,NA,"Plate_H",0,3,133,305
"1045","D5","2022607_236","Saithe","38.78803253",2.425749302,"Plate_I",1,3,133,305
"1046","D6","2022607_236","Saithe",NA,NA,"Plate_I",0,3,133,305
"1047","C11","2022607_237","Cod",NA,NA,"Plate_A",0,1,134,134
"1048","C12","2022607_237","Cod",NA,NA,"Plate_A",0,1,134,134
"1049","H1","2022607_237","Cod","38.37106705",0.885949433,"Plate_I",1,1,134,134
"1050","H2","2022607_237","Cod","38.23913193",0.971890032,"Plate_I",1,1,134,134
"1051","C11","2022607_237","Saithe",NA,NA,"Plate_A",0,3,134,306
"1052","C12","2022607_237","Saithe",NA,NA,"Plate_A",0,3,134,306
"1053","H1","2022607_237","Saithe","42.93697739",0.12587662,"Plate_I",1,3,134,306
"1054","H2","2022607_237","Saithe","39.88568115",1.108948469,"Plate_I",1,3,134,306
"1055","G5","2022607_238","Cod","36.18125534",2.51129961,"Plate_A",1,1,135,135
"1056","G6","2022607_238","Cod","36.64080811",1.856485128,"Plate_A",1,1,135,135
"1057","D7","2022607_238","Cod","37.35170746",1.811616063,"Plate_I",1,1,135,135
"1058","D8","2022607_238","Cod","37.56383896",1.56105268,"Plate_I",1,1,135,135
"1059","G5","2022607_238","Saithe","39.59459305",1.264839888,"Plate_A",1,3,135,307
"1060","G6","2022607_238","Saithe",NA,NA,"Plate_A",0,3,135,307
"1061","D7","2022607_238","Saithe",NA,NA,"Plate_I",0,3,135,307
"1062","D8","2022607_238","Saithe","39.45586777",1.506682515,"Plate_I",1,3,135,307
"1063","E5","2022607_239","Cod","30.51596642",104.0871658,"Plate_A",1,1,136,136
"1064","E6","2022607_239","Cod","30.55840492",101.2233124,"Plate_A",1,1,136,136
"1065","F7","2022607_239","Cod","33.47380447",27.53501129,"Plate_I",1,1,136,136
"1066","F8","2022607_239","Cod","33.06481934",36.68820572,"Plate_I",1,1,136,136
"1067","E5","2022607_239","Saithe",NA,NA,"Plate_A",0,3,136,308
"1068","E6","2022607_239","Saithe",NA,NA,"Plate_A",0,3,136,308
"1069","F7","2022607_239","Saithe",NA,NA,"Plate_I",0,3,136,308
"1070","F8","2022607_239","Saithe","41.59757233",0.327152312,"Plate_I",1,3,136,308
"1071","A9","2022607_240","Cod",NA,NA,"Plate_A",0,1,137,137
"1072","A10","2022607_240","Cod",NA,NA,"Plate_A",0,1,137,137
"1073","B5","2022607_240","Cod","38.90235519",0.610232055,"Plate_I",1,1,137,137
"1074","B6","2022607_240","Cod","37.92918396",1.208025217,"Plate_I",1,1,137,137
"1075","A9","2022607_240","Saithe",NA,NA,"Plate_A",0,3,137,309
"1076","A10","2022607_240","Saithe",NA,NA,"Plate_A",0,3,137,309
"1077","B5","2022607_240","Saithe","41.82528687",0.278117478,"Plate_I",1,3,137,309
"1078","B6","2022607_240","Saithe","42.0322113",0.239963487,"Plate_I",1,3,137,309
"1079","C7","2022607_241","Cod",NA,NA,"Plate_A",0,1,138,138
"1080","C8","2022607_241","Cod",NA,NA,"Plate_A",0,1,138,138
"1081","H5","2022607_241","Cod","40.50174713",0.198640913,"Plate_I",1,1,138,138
"1082","H6","2022607_241","Cod","39.13736343",0.517457366,"Plate_I",1,1,138,138
"1083","C7","2022607_241","Saithe",NA,NA,"Plate_A",0,3,138,310
"1084","C8","2022607_241","Saithe",NA,NA,"Plate_A",0,3,138,310
"1085","H5","2022607_241","Saithe","39.4972496",1.462871075,"Plate_I",1,3,138,310
"1086","H6","2022607_241","Saithe","41.3685112",0.38520214,"Plate_I",1,3,138,310
"1087","A11","2022607_242","Cod",NA,NA,"Plate_A",0,1,139,139
"1088","A12","2022607_242","Cod",NA,NA,"Plate_A",0,1,139,139
"1089","B3","2022607_242","Cod","33.75900269",22.54078484,"Plate_I",1,1,139,139
"1090","B4","2022607_242","Cod","33.78775406",22.09056664,"Plate_I",1,1,139,139
"1091","A11","2022607_242","Saithe",NA,NA,"Plate_A",0,3,139,311
"1092","A12","2022607_242","Saithe",NA,NA,"Plate_A",0,3,139,311
"1093","B3","2022607_242","Saithe","39.67513275",1.288596153,"Plate_I",1,3,139,311
"1094","B4","2022607_242","Saithe","39.25460815",1.739204049,"Plate_I",1,3,139,311
"1095","G9","2022607_243","Cod","37.18029404",1.302154899,"Plate_A",1,1,140,140
"1096","G10","2022607_243","Cod","36.77667236",1.69785583,"Plate_A",1,1,140,140
"1097","D3","2022607_243","Cod","37.89074326",1.24105525,"Plate_I",1,1,140,140
"1098","D4","2022607_243","Cod","37.43211746",1.712224245,"Plate_I",1,1,140,140
"1099","G9","2022607_243","Saithe",NA,NA,"Plate_A",0,3,140,312
"1100","G10","2022607_243","Saithe","39.34603882",1.5024575,"Plate_A",1,3,140,312
"1101","D3","2022607_243","Saithe",NA,NA,"Plate_I",0,3,140,312
"1102","D4","2022607_243","Saithe",NA,NA,"Plate_I",0,3,140,312
"1103","B7","2022607_244","Cod",NA,NA,"Plate_A",0,1,141,141
"1104","B8","2022607_244","Cod",NA,NA,"Plate_A",0,1,141,141
"1105","A7","2022607_244","Cod","38.86460876",0.62661171,"Plate_I",1,1,141,141
"1106","A8","2022607_244","Cod","39.36494446",0.441080213,"Plate_I",1,1,141,141
"1107","B7","2022607_244","Saithe",NA,NA,"Plate_A",0,3,141,313
"1108","B8","2022607_244","Saithe",NA,NA,"Plate_A",0,3,141,313
"1109","A7","2022607_244","Saithe","38.56666946",2.840538025,"Plate_I",1,3,141,313
"1110","A8","2022607_244","Saithe","41.59579849",0.327566385,"Plate_I",1,3,141,313
"1111","D5","2022607_245","Cod",NA,NA,"Plate_A",0,1,142,142
"1112","G7","2022607_245","Cod",NA,NA,"Plate_I",0,1,142,142
"1113","G8","2022607_245","Cod",NA,NA,"Plate_I",0,1,142,142
"1114","D5","2022607_245","Saithe",NA,NA,"Plate_A",0,3,142,314
"1115","D6","2022607_245","Saithe",NA,NA,"Plate_A",0,3,142,314
"1116","G7","2022607_245","Saithe",NA,NA,"Plate_I",0,3,142,314
"1117","G8","2022607_245","Saithe",NA,NA,"Plate_I",0,3,142,314
"1118","B3","2022607_247","Cod","31.33685684",60.67705154,"Plate_A",1,1,143,143
"1119","B4","2022607_247","Cod","31.75008011",46.24288559,"Plate_A",1,1,143,143
"1120","F11","2022607_247","Cod","34.03887939",22.8514576,"Plate_C",1,1,143,143
"1121","F12","2022607_247","Cod","34.88336182",13.23588657,"Plate_C",1,1,143,143
"1122","B3","2022607_247","Saithe",NA,NA,"Plate_A",0,3,143,315
"1123","B4","2022607_247","Saithe",NA,NA,"Plate_A",0,3,143,315
"1124","F11","2022607_247","Saithe",NA,NA,"Plate_C",0,3,143,315
"1125","F12","2022607_247","Saithe",NA,NA,"Plate_C",0,3,143,315
"1126","B11","2022607_248","Cod","40.95600128",0.108807586,"Plate_A",1,1,144,144
"1127","B12","2022607_248","Cod",NA,NA,"Plate_A",0,1,144,144
"1128","A3","2022607_248","Cod","35.83707809",5.243973255,"Plate_I",1,1,144,144
"1129","A4","2022607_248","Cod","36.5622139",3.152608633,"Plate_I",1,1,144,144
"1130","B11","2022607_248","Saithe",NA,NA,"Plate_A",0,3,144,316
"1131","B12","2022607_248","Saithe",NA,NA,"Plate_A",0,3,144,316
"1132","A3","2022607_248","Saithe",NA,NA,"Plate_I",0,3,144,316
"1133","A4","2022607_248","Saithe",NA,NA,"Plate_I",0,3,144,316
"1134","C9","2022607_249","Cod",NA,NA,"Plate_A",0,1,145,145
"1135","C10","2022607_249","Cod",NA,NA,"Plate_A",0,1,145,145
"1136","H3","2022607_249","Cod","40.85011292",0.155561358,"Plate_I",1,1,145,145
"1137","H4","2022607_249","Cod","41.11613083",0.129071638,"Plate_I",1,1,145,145
"1138","C9","2022607_249","Saithe",NA,NA,"Plate_A",0,3,145,317
"1139","C10","2022607_249","Saithe",NA,NA,"Plate_A",0,3,145,317
"1140","H3","2022607_249","Saithe",NA,NA,"Plate_I",0,3,145,317
"1141","H4","2022607_249","Saithe","39.8660202",1.124605656,"Plate_I",1,3,145,317
"1142","D3","2022607_250","Cod","30.05127716",141.2767639,"Plate_A",1,1,146,146
"1143","D4","2022607_250","Cod","30.39950752",112.3692245,"Plate_A",1,1,146,146
"1144","G9","2022607_250","Cod","33.72243118",23.12674332,"Plate_I",1,1,146,146
"1145","G10","2022607_250","Cod","33.49518585",27.12496185,"Plate_I",1,1,146,146
"1146","D3","2022607_250","Saithe",NA,NA,"Plate_A",0,3,146,318
"1147","D4","2022607_250","Saithe",NA,NA,"Plate_A",0,3,146,318
"1148","G9","2022607_250","Saithe","40.36331177",0.788846195,"Plate_I",1,3,146,318
"1149","G10","2022607_250","Saithe",NA,NA,"Plate_I",0,3,146,318
"1150","B9","2022607_251","Cod",NA,NA,"Plate_A",0,1,147,147
"1151","B10","2022607_251","Cod",NA,NA,"Plate_A",0,1,147,147
"1152","D8","2022607_251","Cod","35.48664856",4.931687355,"Plate_H",1,1,147,147
"1153","A5","2022607_251","Cod","36.06106567",4.481244564,"Plate_I",1,1,147,147
"1154","A6","2022607_251","Cod","36.05053711",4.514475346,"Plate_I",1,1,147,147
"1155","B9","2022607_251","Saithe",NA,NA,"Plate_A",0,3,147,319
"1156","B10","2022607_251","Saithe",NA,NA,"Plate_A",0,3,147,319
"1157","D8","2022607_251","Saithe",NA,NA,"Plate_H",0,3,147,319
"1158","A5","2022607_251","Saithe","41.29810715",0.40503484,"Plate_I",1,3,147,319
"1159","A6","2022607_251","Saithe","42.41833878",0.182206571,"Plate_I",1,3,147,319
"1160","H3","2022607_252","Cod","41.26450348",0.088833869,"Plate_A",1,1,148,148
"1161","H4","2022607_252","Cod","39.58845901",0.26736629,"Plate_A",1,1,148,148
"1162","C9","2022607_252","Cod","39.82194519",0.320068777,"Plate_I",1,1,148,148
"1163","C10","2022607_252","Cod","41.36494446",0.108393453,"Plate_I",1,1,148,148
"1164","H3","2022607_252","Saithe",NA,NA,"Plate_A",0,3,148,320
"1165","H4","2022607_252","Saithe","40.25880432",0.798429728,"Plate_A",1,3,148,320
"1166","C9","2022607_252","Saithe",NA,NA,"Plate_I",0,3,148,320
"1167","C10","2022607_252","Saithe","39.66521835",1.297738671,"Plate_I",1,3,148,320
"1168","D11","2022607_253","Cod",NA,NA,"Plate_A",0,1,149,149
"1169","D12","2022607_253","Cod",NA,NA,"Plate_A",0,1,149,149
"1170","G1","2022607_253","Cod","34.81615448",10.73480988,"Plate_I",1,1,149,149
"1171","G2","2022607_253","Cod","34.28822708",15.5483408,"Plate_I",1,1,149,149
"1172","D11","2022607_253","Saithe",NA,NA,"Plate_A",0,3,149,321
"1173","D12","2022607_253","Saithe",NA,NA,"Plate_A",0,3,149,321
"1174","G1","2022607_253","Saithe",NA,NA,"Plate_I",0,3,149,321
"1175","G2","2022607_253","Saithe",NA,NA,"Plate_I",0,3,149,321
"1176","G3","2022607_254","Cod","34.61631775",7.025939941,"Plate_A",1,1,150,150
"1177","G4","2022607_254","Cod","33.97885895",10.68330193,"Plate_A",1,1,150,150
"1178","D9","2022607_254","Cod","35.28012466",7.751684189,"Plate_I",1,1,150,150
"1179","D10","2022607_254","Cod","35.25058746",7.914031029,"Plate_I",1,1,150,150
"1180","G3","2022607_254","Saithe",NA,NA,"Plate_A",0,3,150,322
"1181","G4","2022607_254","Saithe",NA,NA,"Plate_A",0,3,150,322
"1182","D9","2022607_254","Saithe",NA,NA,"Plate_I",0,3,150,322
"1183","D10","2022607_254","Saithe","40.48955536",0.720934033,"Plate_I",1,3,150,322
"1184","D9","2022607_255","Cod",NA,NA,"Plate_A",0,1,151,151
"1185","D10","2022607_255","Cod",NA,NA,"Plate_A",0,1,151,151
"1186","G3","2022607_255","Cod","39.39253998",0.432621062,"Plate_I",1,1,151,151
"1187","G4","2022607_255","Cod","39.18205261",0.501481831,"Plate_I",1,1,151,151
"1188","D9","2022607_255","Saithe",NA,NA,"Plate_A",0,3,151,323
"1189","D10","2022607_255","Saithe",NA,NA,"Plate_A",0,3,151,323
"1190","G3","2022607_255","Saithe","39.4250946",1.540110946,"Plate_I",1,3,151,323
"1191","G4","2022607_255","Saithe",NA,NA,"Plate_I",0,3,151,323
"1192","D7","2022607_257","Cod",NA,NA,"Plate_A",0,1,152,152
"1193","D8","2022607_257","Cod",NA,NA,"Plate_A",0,1,152,152
"1194","G5","2022607_257","Cod",NA,NA,"Plate_I",0,1,152,152
"1195","G6","2022607_257","Cod",NA,NA,"Plate_I",0,1,152,152
"1196","D7","2022607_257","Saithe",NA,NA,"Plate_A",0,3,152,324
"1197","D8","2022607_257","Saithe",NA,NA,"Plate_A",0,3,152,324
"1198","G5","2022607_257","Saithe",NA,NA,"Plate_I",0,3,152,324
"1199","G6","2022607_257","Saithe","41.24182892",0.42162016,"Plate_I",1,3,152,324
"1200","F5","2022607_258","Cod","34.63427734",6.943473339,"Plate_A",1,1,153,153
"1201","F6","2022607_258","Cod","33.46155548",15.01070213,"Plate_A",1,1,153,153
"1202","E7","2022607_258","Cod","35.90670776",4.993905544,"Plate_I",1,1,153,153
"1203","E8","2022607_258","Cod","34.97516632",9.601395607,"Plate_I",1,1,153,153
"1204","F5","2022607_258","Saithe","40.25223541",0.802070737,"Plate_A",1,3,153,325
"1205","F6","2022607_258","Saithe","40.25435257",0.800895452,"Plate_A",1,3,153,325
"1206","E7","2022607_258","Saithe",NA,NA,"Plate_I",0,3,153,325
"1207","E8","2022607_258","Saithe","39.79050064",1.186828971,"Plate_I",1,3,153,325
"1208","E3","2022607_259","Cod","34.05312347",10.17424583,"Plate_A",1,1,154,154
"1209","E4","2022607_259","Cod","33.4043808",15.5856514,"Plate_A",1,1,154,154
"1210","F9","2022607_259","Cod","35.82626724",5.283906937,"Plate_I",1,1,154,154
"1211","F10","2022607_259","Cod","36.21036911",4.035499573,"Plate_I",1,1,154,154
"1212","E3","2022607_259","Saithe",NA,NA,"Plate_A",0,3,154,326
"1213","E4","2022607_259","Saithe","41.62483978",0.309973687,"Plate_A",1,3,154,326
"1214","F9","2022607_259","Saithe","38.67391205",2.631408453,"Plate_I",1,3,154,326
"1215","F10","2022607_259","Saithe","39.10202408",1.939120531,"Plate_I",1,3,154,326
"1216","F3","2022607_260","Cod",NA,NA,"Plate_A",0,1,155,155
"1217","F4","2022607_260","Cod","38.78907013",0.452210277,"Plate_A",1,1,155,155
"1218","E9","2022607_260","Cod","40.68738174",0.174379408,"Plate_I",1,1,155,155
"1219","E10","2022607_260","Cod","39.99138641",0.284187406,"Plate_I",1,1,155,155
"1220","F3","2022607_260","Saithe","40.79662323",0.550120056,"Plate_A",1,3,155,327
"1221","F4","2022607_260","Saithe",NA,NA,"Plate_A",0,3,155,327
"1222","E9","2022607_260","Saithe","40.60065842",0.666020572,"Plate_I",1,3,155,327
"1223","E10","2022607_260","Saithe","40.57707596",0.677315414,"Plate_I",1,3,155,327
"1224","A3","2022607_261","Cod","32.81015778",23.03465843,"Plate_A",1,1,156,156
"1225","A4","2022607_261","Cod","32.93377686",21.2367115,"Plate_A",1,1,156,156
"1226","E11","2022607_261","Cod","34.85759735",13.458251,"Plate_C",1,1,156,156
"1227","A3","2022607_261","Saithe",NA,NA,"Plate_A",0,3,156,328
"1228","A4","2022607_261","Saithe",NA,NA,"Plate_A",0,3,156,328
"1229","E11","2022607_261","Saithe",NA,NA,"Plate_C",0,3,156,328
"1230","F9","2022607_262","Cod","36.54241562",1.98053968,"Plate_A",1,1,157,157
"1231","F10","2022607_262","Cod","36.24236298",2.41241312,"Plate_A",1,1,157,157
"1232","E3","2022607_262","Cod","36.66878128",2.925451279,"Plate_I",1,1,157,157
"1233","E4","2022607_262","Cod","36.74550629",2.772109509,"Plate_I",1,1,157,157
"1234","F9","2022607_262","Saithe",NA,NA,"Plate_A",0,3,157,329
"1235","F10","2022607_262","Saithe",NA,NA,"Plate_A",0,3,157,329
"1236","E3","2022607_262","Saithe","40.97665405",0.509382784,"Plate_I",1,3,157,329
"1237","E4","2022607_262","Saithe",NA,NA,"Plate_I",0,3,157,329
"1238","F7","2022607_263","Cod",NA,NA,"Plate_A",0,1,158,158
"1239","F8","2022607_263","Cod","40.53355789",0.143638581,"Plate_A",1,1,158,158
"1240","B11","2022607_263","Cod","38.14897156",0.753065526,"Plate_H",1,1,158,158
"1241","E5","2022607_263","Cod","39.76653671",0.332758695,"Plate_I",1,1,158,158
"1242","E6","2022607_263","Cod","40.57770538",0.188330159,"Plate_I",1,1,158,158
"1243","F7","2022607_263","Saithe",NA,NA,"Plate_A",0,3,158,330
"1244","F8","2022607_263","Saithe",NA,NA,"Plate_A",0,3,158,330
"1245","B11","2022607_263","Saithe","37.95034027",0.766266823,"Plate_H",1,3,158,330
"1246","E5","2022607_263","Saithe",NA,NA,"Plate_I",0,3,158,330
"1247","E6","2022607_263","Saithe",NA,NA,"Plate_I",0,3,158,330
"1248","B5","2022607_264","Cod","32.04777527",38.0233078,"Plate_A",1,1,159,159
"1249","B6","2022607_264","Cod","32.41537094",29.86053085,"Plate_A",1,1,159,159
"1250","A9","2022607_264","Cod","34.85154343",10.47150993,"Plate_I",1,1,159,159
"1251","A10","2022607_264","Cod","35.54912949",6.418224335,"Plate_I",1,1,159,159
"1252","B5","2022607_264","Saithe",NA,NA,"Plate_A",0,3,159,331
"1253","B6","2022607_264","Saithe",NA,NA,"Plate_A",0,3,159,331
"1254","A9","2022607_264","Saithe","40.7420845",0.602128148,"Plate_I",1,3,159,331
"1255","A10","2022607_264","Saithe","39.67158127",1.29186368,"Plate_I",1,3,159,331
"1256","H9","2022607_265","Cod","34.1531601",9.526660919,"Plate_A",1,1,160,160
"1257","H10","2022607_265","Cod","34.41544724",8.017796516,"Plate_A",1,1,160,160
"1258","C3","2022607_265","Cod","37.09985733",2.161818981,"Plate_I",1,1,160,160
"1259","C4","2022607_265","Cod","37.78250504",1.33899045,"Plate_I",1,1,160,160
"1260","H9","2022607_265","Saithe",NA,NA,"Plate_A",0,3,160,332
"1261","H10","2022607_265","Saithe",NA,NA,"Plate_A",0,3,160,332
"1262","C3","2022607_265","Saithe","39.03598404",2.032623529,"Plate_I",1,3,160,332
"1263","C4","2022607_265","Saithe",NA,NA,"Plate_I",0,3,160,332
"1264","E7","2022607_266","Cod",NA,NA,"Plate_A",0,1,161,161
"1265","E8","2022607_266","Cod",NA,NA,"Plate_A",0,1,161,161
"1266","F5","2022607_266","Cod","40.92501068",0.147596508,"Plate_I",1,1,161,161
"1267","F6","2022607_266","Cod","41.14399719",0.126572207,"Plate_I",1,1,161,161
"1268","E7","2022607_266","Saithe",NA,NA,"Plate_A",0,3,161,333
"1269","E8","2022607_266","Saithe",NA,NA,"Plate_A",0,3,161,333
"1270","F5","2022607_266","Saithe","40.1202507",0.938138008,"Plate_I",1,3,161,333
"1271","F6","2022607_266","Saithe",NA,NA,"Plate_I",0,3,161,333
"1272","A7","2022607_269","Cod",NA,NA,"Plate_A",0,1,162,162
"1273","A8","2022607_269","Cod",NA,NA,"Plate_A",0,1,162,162
"1274","B7","2022607_269","Cod","41.61158371",0.091167063,"Plate_I",1,1,162,162
"1275","B8","2022607_269","Cod","47.97508621",0.001048369,"Plate_I",1,1,162,162
"1276","A7","2022607_269","Saithe",NA,NA,"Plate_A",0,3,162,334
"1277","A8","2022607_269","Saithe",NA,NA,"Plate_A",0,3,162,334
"1278","B7","2022607_269","Saithe",NA,NA,"Plate_I",0,3,162,334
"1279","B8","2022607_269","Saithe",NA,NA,"Plate_I",0,3,162,334
"1280","H7","2022607_270","Cod","36.65147781",1.843508601,"Plate_A",1,1,163,163
"1281","H8","2022607_270","Cod","37.01356888",1.452996016,"Plate_A",1,1,163,163
"1282","C5","2022607_270","Cod","40.00266647",0.281946808,"Plate_I",1,1,163,163
"1283","C6","2022607_270","Cod","40.10692978",0.262054831,"Plate_I",1,1,163,163
"1284","H7","2022607_270","Saithe","38.08711624",3.593303204,"Plate_A",1,3,163,335
"1285","H8","2022607_270","Saithe","38.7038765",2.344059229,"Plate_A",1,3,163,335
"1286","C5","2022607_270","Saithe","38.9066658",2.228979111,"Plate_I",1,3,163,335
"1287","C6","2022607_270","Saithe","39.95869827",1.052685022,"Plate_I",1,3,163,335
"1288","F11","2022607_271","Cod","39.6108551",0.26345855,"Plate_A",1,1,164,164
"1289","F12","2022607_271","Cod","39.69937897",0.248563781,"Plate_A",1,1,164,164
"1290","E1","2022607_271","Cod","40.65219116",0.17873919,"Plate_I",1,1,164,164
"1291","E2","2022607_271","Cod","41.08840942",0.131607041,"Plate_I",1,1,164,164
"1292","F11","2022607_271","Saithe","39.23301315",1.62480402,"Plate_A",1,3,164,336
"1293","F12","2022607_271","Saithe",NA,NA,"Plate_A",0,3,164,336
"1294","E1","2022607_271","Saithe",NA,NA,"Plate_I",0,3,164,336
"1295","E2","2022607_271","Saithe",NA,NA,"Plate_I",0,3,164,336
"1296","H5","2022607_272","Cod","41.43688583",0.079316154,"Plate_A",1,1,165,165
"1297","H6","2022607_272","Cod","41.56273651",0.073018007,"Plate_A",1,1,165,165
"1298","C7","2022607_272","Cod","41.22453308",0.119617425,"Plate_I",1,1,165,165
"1299","C8","2022607_272","Cod","39.9102478",0.300837815,"Plate_I",1,1,165,165
"1300","H5","2022607_272","Saithe",NA,NA,"Plate_A",0,3,165,337
"1301","H6","2022607_272","Saithe",NA,NA,"Plate_A",0,3,165,337
"1302","C7","2022607_272","Saithe",NA,NA,"Plate_I",0,3,165,337
"1303","C8","2022607_272","Saithe","41.04611969",0.484764963,"Plate_I",1,3,165,337
"1304","G11","2022607_273","Cod","42.03242111",0.13002938,"Plate_C",1,1,166,166
"1305","E12","2022607_273","Cod","40.68299866",0.311177045,"Plate_C",1,1,166,166
"1306","G12","2022607_273","Cod","38.92733002",0.968416333,"Plate_C",1,1,166,166
"1307","B12","2022607_273","Cod","39.49936676",0.290305376,"Plate_H",1,1,166,166
"1308","G11","2022607_273","Saithe","39.71644592",1.044771314,"Plate_C",1,3,166,338
"1309","E12","2022607_273","Saithe","40.42979431",0.630968809,"Plate_C",1,3,166,338
"1310","G12","2022607_273","Saithe","41.05358505",0.405966938,"Plate_C",1,3,166,338
"1311","B12","2022607_273","Saithe",NA,NA,"Plate_H",0,3,166,338
"1312","E9","2022607_274","Cod",NA,NA,"Plate_A",0,1,167,167
"1313","E10","2022607_274","Cod",NA,NA,"Plate_A",0,1,167,167
"1314","F3","2022607_274","Cod",NA,NA,"Plate_I",0,1,167,167
"1315","F4","2022607_274","Cod","39.44778442",0.416170686,"Plate_I",1,1,167,167
"1316","E9","2022607_274","Saithe",NA,NA,"Plate_A",0,3,167,339
"1317","E10","2022607_274","Saithe",NA,NA,"Plate_A",0,3,167,339
"1318","F3","2022607_274","Saithe","39.84737778",1.139655709,"Plate_I",1,3,167,339
"1319","F4","2022607_274","Saithe",NA,NA,"Plate_I",0,3,167,339
"1320","C3","2022607_275","Cod","37.58665466",0.996879101,"Plate_A",1,1,168,168
"1321","C4","2022607_275","Cod","37.56689835",1.00991106,"Plate_A",1,1,168,168
"1322","H9","2022607_275","Cod","39.17720413",0.503190935,"Plate_I",1,1,168,168
"1323","H10","2022607_275","Cod","39.22775269",0.485654891,"Plate_I",1,1,168,168
"1324","C3","2022607_275","Saithe",NA,NA,"Plate_A",0,3,168,340
"1325","C4","2022607_275","Saithe",NA,NA,"Plate_A",0,3,168,340
"1326","H9","2022607_275","Saithe",NA,NA,"Plate_I",0,3,168,340
"1327","H10","2022607_275","Saithe",NA,NA,"Plate_I",0,3,168,340
"1328","E11","2022607_276","Cod",NA,NA,"Plate_A",0,1,169,169
"1329","E12","2022607_276","Cod",NA,NA,"Plate_A",0,1,169,169
"1330","F1","2022607_276","Cod","39.65736771",0.359252244,"Plate_I",1,1,169,169
"1331","F2","2022607_276","Cod","38.87153244",0.623574674,"Plate_I",1,1,169,169
"1332","E11","2022607_276","Saithe",NA,NA,"Plate_A",0,3,169,341
"1333","E12","2022607_276","Saithe",NA,NA,"Plate_A",0,3,169,341
"1334","F1","2022607_276","Saithe","41.05356979",0.48219642,"Plate_I",1,3,169,341
"1335","F2","2022607_276","Saithe","39.39285278",1.575930595,"Plate_I",1,3,169,341
"1336","A5","2022607_277","Cod","37.53469467",1.03151989,"Plate_A",1,1,170,170
"1337","A6","2022607_277","Cod","38.84046173",0.437187374,"Plate_A",1,1,170,170
"1338","B9","2022607_277","Cod","38.93863297",0.594893336,"Plate_I",1,1,170,170
"1339","B10","2022607_277","Cod","39.45689011",0.413519949,"Plate_I",1,1,170,170
"1340","A5","2022607_277","Saithe","41.72539139",0.289120078,"Plate_A",1,3,170,342
"1341","A6","2022607_277","Saithe",NA,NA,"Plate_A",0,3,170,342
"1342","B9","2022607_277","Saithe",NA,NA,"Plate_I",0,3,170,342
"1343","B10","2022607_277","Saithe","39.26886749",1.721608877,"Plate_I",1,3,170,342
"1344","H1","NTC","Cod",NA,NA,"Plate_A",0,1,171,171
"1345","H2","NTC","Cod",NA,NA,"Plate_A",0,1,171,171
"1346","H1","NTC","Cod",NA,NA,"Plate_B",0,1,171,171
"1347","H2","NTC","Cod",NA,NA,"Plate_B",0,1,171,171
"1348","H1","NTC","Cod",NA,NA,"Plate_C",0,1,171,171
"1349","H2","NTC","Cod",NA,NA,"Plate_C",0,1,171,171
"1350","H1","NTC","Cod",NA,NA,"Plate_D",0,1,171,171
"1351","H2","NTC","Cod",NA,NA,"Plate_D",0,1,171,171
"1352","H1","NTC","Cod",NA,NA,"Plate_E",0,1,171,171
"1353","H2","NTC","Cod",NA,NA,"Plate_E",0,1,171,171
"1354","H1","NTC","Cod",NA,NA,"Plate_F",0,1,171,171
"1355","H2","NTC","Cod",NA,NA,"Plate_F",0,1,171,171
"1356","H1","NTC","Cod",NA,NA,"Plate_G",0,1,171,171
"1357","H2","NTC","Cod",NA,NA,"Plate_G",0,1,171,171
"1358","H1","NTC","Cod",NA,NA,"Plate_H",0,1,171,171
"1359","H2","NTC","Cod",NA,NA,"Plate_H",0,1,171,171
"1360","A11","NTC","Cod",NA,NA,"Plate_I",0,1,171,171
"1361","A12","NTC","Cod",NA,NA,"Plate_I",0,1,171,171
"1362","H1","NTC","Herring",NA,NA,"Plate_B",0,2,171,267
"1363","H2","NTC","Herring",NA,NA,"Plate_B",0,2,171,267
"1364","H1","NTC","Herring",NA,NA,"Plate_D",0,2,171,267
"1365","H2","NTC","Herring",NA,NA,"Plate_D",0,2,171,267
"1366","H1","NTC","Herring",NA,NA,"Plate_E",0,2,171,267
"1367","H2","NTC","Herring",NA,NA,"Plate_E",0,2,171,267
"1368","H1","NTC","Herring",NA,NA,"Plate_F",0,2,171,267
"1369","H2","NTC","Herring",NA,NA,"Plate_F",0,2,171,267
"1370","H1","NTC","Herring",NA,NA,"Plate_G",0,2,171,267
"1371","H2","NTC","Herring",NA,NA,"Plate_G",0,2,171,267
"1372","H1","NTC","Saithe",NA,NA,"Plate_A",0,3,171,343
"1373","H2","NTC","Saithe",NA,NA,"Plate_A",0,3,171,343
"1374","H1","NTC","Saithe",NA,NA,"Plate_C",0,3,171,343
"1375","H2","NTC","Saithe",NA,NA,"Plate_C",0,3,171,343
"1376","H1","NTC","Saithe",NA,NA,"Plate_H",0,3,171,343
"1377","H2","NTC","Saithe",NA,NA,"Plate_H",0,3,171,343
"1378","A11","NTC","Saithe",NA,NA,"Plate_I",0,3,171,343
"1379","A12","NTC","Saithe",NA,NA,"Plate_I",0,3,171,343
